time (second),average total mass flow rate (kilogram / second),average port diameter (inch),average regression rate (inch / second),average fuel mass flow rate (kilogram / second),oxidiser mass (kilogram),oxidiser mass flow rate (kilogram / second),average total mass flux (kilogram / inch ** 2 / second),oxi fuel ratio,inlet velocity (mile_per_hour),inlet mach,nozzle throat area (inch ** 2),nozzle throat diameter (inch),nozzle naught temp (degree_Fahrenheit),nozzle star temp (degree_Fahrenheit),nozzle star pressure (pound_force_per_square_inch),nozzle star velocity (mile_per_hour),nozzle star mach,nozzle exit mach,nozzle exit area (inch ** 2),nozzle exit diameter (inch),nozzle diffuser length (inch),nozzle exit velocity (mile_per_hour),nozzle thrust (newton)
0.0,0.035304729,1.0001,0.02896,0.0079047,0.3635,0.0274,0.0008385694,3.4663,4.6856,0.0,0.022738,0.170149,4940.3324230934,4411.9367397732,280.5704,2192.5757699071,1.0,2.8441,0.118,0.3877,0.4059,6551.8485,103.3314
0.001,0.0353049165,1.0001,0.02896,0.0079049,0.3635,0.0274,0.0008385253,3.4662,4.6857,0.0,0.022738,0.17015,4940.3324231192,4411.9367397964,280.5704,2192.5757699121,1.0,2.8441,0.118,0.3877,0.4059,6551.8485,103.332
0.002,0.035305104,1.0002,0.02896,0.0079051,0.3635,0.0274,0.0008384812,3.4661,4.6857,0.0,0.022738,0.17015,4940.3324231449,4411.9367398197,280.5704,2192.5757699171,1.0,2.8441,0.118,0.3877,0.4059,6551.8485,103.3325
0.003,0.0353052914,1.0002,0.02895,0.0079053,0.3634,0.0274,0.0008384371,3.466,4.6857,0.0,0.022738,0.17015,4940.3324231706,4411.9367398429,280.5704,2192.5757699222,1.0,2.8441,0.118,0.3877,0.4059,6551.8485,103.3331
0.004,0.0353054789,1.0003,0.02895,0.0079055,0.3634,0.0274,0.000838393,3.466,4.6857,0.0,0.022738,0.170151,4940.3324231964,4411.9367398661,280.5704,2192.5757699272,1.0,2.8441,0.118,0.3877,0.4059,6551.8485,103.3336
0.005,0.0353056663,1.0003,0.02895,0.0079057,0.3634,0.0274,0.0008383489,3.4659,4.6858,0.0,0.022738,0.170151,4940.3324232221,4411.9367398893,280.5704,2192.5757699322,1.0,2.8441,0.118,0.3877,0.4059,6551.8485,103.3342
0.006,0.0353058537,1.0004,0.02895,0.0079059,0.3634,0.0274,0.0008383048,3.4658,4.6858,0.0,0.022739,0.170152,4940.3324232478,4411.9367399125,280.5704,2192.5757699372,1.0,2.8441,0.118,0.3877,0.4059,6551.8485,103.3347
0.007,0.0353060411,1.0005,0.02895,0.007906,0.3633,0.0274,0.0008382607,3.4657,4.6858,0.0,0.022739,0.170152,4940.3324232735,4411.9367399357,280.5704,2192.5757699422,1.0,2.8441,0.118,0.3877,0.4059,6551.8485,103.3353
0.008,0.0353062285,1.0005,0.02895,0.0079062,0.3633,0.0274,0.0008382167,3.4656,4.6858,0.0,0.022739,0.170153,4940.3324232993,4411.9367399589,280.5704,2192.5757699473,1.0,2.8441,0.118,0.3877,0.4059,6551.8485,103.3358
0.009000000000000001,0.0353064158,1.0006,0.02895,0.0079064,0.3633,0.0274,0.0008381726,3.4655,4.6859,0.0,0.022739,0.170153,4940.332423325,4411.9367399821,280.5704,2192.5757699523,1.0,2.8441,0.118,0.3877,0.4059,6551.8485,103.3364
0.010000000000000002,0.0353066032,1.0006,0.02895,0.0079066,0.3632,0.0274,0.0008381285,3.4655,4.6859,0.0,0.022739,0.170154,4940.3324233507,4411.9367400053,280.5704,2192.5757699573,1.0,2.8441,0.118,0.3877,0.4059,6551.8485,103.3369
0.011000000000000003,0.0353067906,1.0007,0.02895,0.0079068,0.3632,0.0274,0.0008380845,3.4654,4.6859,0.0,0.022739,0.170154,4940.3324233764,4411.9367400285,280.5704,2192.5757699623,1.0,2.8441,0.118,0.3877,0.4059,6551.8485,103.3375
0.012000000000000004,0.0353069779,1.0008,0.02895,0.007907,0.3632,0.0274,0.0008380404,3.4653,4.6859,0.0,0.022739,0.170154,4940.3324234021,4411.9367400517,280.5704,2192.5757699673,1.0,2.8441,0.118,0.3877,0.4059,6551.8485,103.338
0.013000000000000005,0.0353071652,1.0008,0.02894,0.0079072,0.3632,0.0274,0.0008379964,3.4652,4.686,0.0,0.022739,0.170155,4940.3324234279,4411.9367400749,280.5704,2192.5757699724,1.0,2.8441,0.118,0.3877,0.4059,6551.8485,103.3385
0.014000000000000005,0.0353073525,1.0009,0.02894,0.0079074,0.3631,0.0274,0.0008379524,3.4651,4.686,0.0,0.02274,0.170155,4940.3324234536,4411.9367400981,280.5704,2192.5757699774,1.0,2.8441,0.1181,0.3877,0.4059,6551.8485,103.3391
0.015000000000000006,0.0353075398,1.0009,0.02894,0.0079075,0.3631,0.0274,0.0008379083,3.465,4.686,0.0,0.02274,0.170156,4940.3324234793,4411.9367401213,280.5704,2192.5757699824,1.0,2.8441,0.1181,0.3877,0.4059,6551.8485,103.3396
0.016000000000000007,0.0353077271,1.001,0.02894,0.0079077,0.3631,0.0274,0.0008378643,3.465,4.686,0.0,0.02274,0.170156,4940.332423505,4411.9367401445,280.5704,2192.5757699874,1.0,2.8441,0.1181,0.3877,0.4059,6551.8485,103.3402
0.017000000000000008,0.0353079144,1.001,0.02894,0.0079079,0.3631,0.0274,0.0008378203,3.4649,4.6861,0.0,0.02274,0.170157,4940.3324235307,4411.9367401677,280.5704,2192.5757699924,1.0,2.8441,0.1181,0.3877,0.4059,6551.8485,103.3407
0.01800000000000001,0.0353081017,1.0011,0.02894,0.0079081,0.363,0.0274,0.0008377763,3.4648,4.6861,0.0,0.02274,0.170157,4940.3324235564,4411.9367401909,280.5704,2192.5757699974,1.0,2.8441,0.1181,0.3877,0.4059,6551.8485,103.3413
0.01900000000000001,0.0353082889,1.0012,0.02894,0.0079083,0.363,0.0274,0.0008377323,3.4647,4.6861,0.0,0.02274,0.170158,4940.3324235821,4411.9367402141,280.5704,2192.5757700025,1.0,2.8441,0.1181,0.3877,0.4059,6551.8485,103.3418
0.02000000000000001,0.0353084762,1.0012,0.02894,0.0079085,0.363,0.0274,0.0008376883,3.4646,4.6861,0.0,0.02274,0.170158,4940.3324236078,4411.9367402373,280.5704,2192.5757700075,1.0,2.8441,0.1181,0.3877,0.4059,6551.8485,103.3424
0.02100000000000001,0.0353086634,1.0013,0.02894,0.0079087,0.3629,0.0274,0.0008376443,3.4646,4.6862,0.0,0.02274,0.170159,4940.3324236335,4411.9367402605,280.5704,2192.5757700125,1.0,2.8441,0.1181,0.3877,0.4059,6551.8485,103.3429
0.022000000000000013,0.0353088506,1.0013,0.02894,0.0079089,0.3629,0.0274,0.0008376003,3.4645,4.6862,0.0,0.02274,0.170159,4940.3324236592,4411.9367402836,280.5704,2192.5757700175,1.0,2.8441,0.1181,0.3877,0.4059,6551.8485,103.3435
0.023000000000000013,0.0353090378,1.0014,0.02894,0.007909,0.3629,0.0274,0.0008375564,3.4644,4.6862,0.0,0.022741,0.170159,4940.3324236849,4411.9367403068,280.5704,2192.5757700225,1.0,2.8441,0.1181,0.3877,0.4059,6551.8485,103.344
0.024000000000000014,0.035309225,1.0014,0.02893,0.0079092,0.3629,0.0274,0.0008375124,3.4643,4.6862,0.0,0.022741,0.17016,4940.3324237106,4411.93674033,280.5704,2192.5757700275,1.0,2.8441,0.1181,0.3877,0.4059,6551.8485,103.3446
0.025000000000000015,0.0353094122,1.0015,0.02893,0.0079094,0.3628,0.0274,0.0008374684,3.4642,4.6863,0.0,0.022741,0.17016,4940.3324237363,4411.9367403532,280.5704,2192.5757700326,1.0,2.8441,0.1181,0.3877,0.4059,6551.8485,103.3451
0.026000000000000016,0.0353095993,1.0016,0.02893,0.0079096,0.3628,0.0274,0.0008374245,3.4641,4.6863,0.0,0.022741,0.170161,4940.332423762,4411.9367403764,280.5704,2192.5757700376,1.0,2.8441,0.1181,0.3877,0.4059,6551.8485,103.3457
0.027000000000000017,0.0353097865,1.0016,0.02893,0.0079098,0.3628,0.0274,0.0008373805,3.4641,4.6863,0.0,0.022741,0.170161,4940.3324237877,4411.9367403996,280.5704,2192.5757700426,1.0,2.8441,0.1181,0.3877,0.4059,6551.8485,103.3462
0.028000000000000018,0.0353099736,1.0017,0.02893,0.00791,0.3628,0.0274,0.0008373366,3.464,4.6863,0.0,0.022741,0.170162,4940.3324238134,4411.9367404227,280.5704,2192.5757700476,1.0,2.8441,0.1181,0.3877,0.4059,6551.8485,103.3468
0.02900000000000002,0.0353101608,1.0017,0.02893,0.0079102,0.3627,0.0274,0.0008372926,3.4639,4.6864,0.0,0.022741,0.170162,4940.3324238391,4411.9367404459,280.5704,2192.5757700526,1.0,2.8441,0.1181,0.3877,0.4059,6551.8485,103.3473
0.03000000000000002,0.0353103479,1.0018,0.02893,0.0079103,0.3627,0.0274,0.0008372487,3.4638,4.6864,0.0,0.022741,0.170163,4940.3324238648,4411.9367404691,280.5704,2192.5757700576,1.0,2.8441,0.1181,0.3877,0.4059,6551.8485,103.3479
0.03100000000000002,0.035310535,1.0019,0.02893,0.0079105,0.3627,0.0274,0.0008372048,3.4637,4.6864,0.0,0.022742,0.170163,4940.3324238905,4411.9367404923,280.5704,2192.5757700627,1.0,2.8441,0.1181,0.3877,0.406,6551.8485,103.3484
0.03200000000000002,0.0353107221,1.0019,0.02893,0.0079107,0.3626,0.0274,0.0008371609,3.4637,4.6864,0.0,0.022742,0.170164,4940.3324239162,4411.9367405154,280.5704,2192.5757700677,1.0,2.8441,0.1181,0.3877,0.406,6551.8485,103.349
0.03300000000000002,0.0353109092,1.002,0.02893,0.0079109,0.3626,0.0274,0.000837117,3.4636,4.6865,0.0,0.022742,0.170164,4940.3324239418,4411.9367405386,280.5704,2192.5757700727,1.0,2.8441,0.1181,0.3877,0.406,6551.8485,103.3495
0.03400000000000002,0.0353110962,1.002,0.02892,0.0079111,0.3626,0.0274,0.000837073,3.4635,4.6865,0.0,0.022742,0.170164,4940.3324239675,4411.9367405618,280.5704,2192.5757700777,1.0,2.8441,0.1181,0.3877,0.406,6551.8485,103.35
0.035000000000000024,0.0353112833,1.0021,0.02892,0.0079113,0.3626,0.0274,0.0008370291,3.4634,4.6865,0.0,0.022742,0.170165,4940.3324239932,4411.9367405849,280.5704,2192.5757700827,1.0,2.8441,0.1181,0.3877,0.406,6551.8485,103.3506
0.036000000000000025,0.0353114703,1.0021,0.02892,0.0079115,0.3625,0.0274,0.0008369853,3.4633,4.6865,0.0,0.022742,0.170165,4940.3324240189,4411.9367406081,280.5704,2192.5757700877,1.0,2.8441,0.1181,0.3877,0.406,6551.8485,103.3511
0.037000000000000026,0.0353116574,1.0022,0.02892,0.0079117,0.3625,0.0274,0.0008369414,3.4632,4.6866,0.0,0.022742,0.170166,4940.3324240446,4411.9367406313,280.5704,2192.5757700927,1.0,2.8441,0.1181,0.3877,0.406,6551.8485,103.3517
0.03800000000000003,0.0353118444,1.0023,0.02892,0.0079118,0.3625,0.0274,0.0008368975,3.4632,4.6866,0.0,0.022742,0.170166,4940.3324240702,4411.9367406544,280.5704,2192.5757700977,1.0,2.8441,0.1181,0.3877,0.406,6551.8485,103.3522
0.03900000000000003,0.0353120314,1.0023,0.02892,0.007912,0.3625,0.0274,0.0008368536,3.4631,4.6866,0.0,0.022743,0.170167,4940.3324240959,4411.9367406776,280.5704,2192.5757701028,1.0,2.8441,0.1181,0.3877,0.406,6551.8485,103.3528
0.04000000000000003,0.0353122184,1.0024,0.02892,0.0079122,0.3624,0.0274,0.0008368098,3.463,4.6866,0.0,0.022743,0.170167,4940.3324241216,4411.9367407008,280.5704,2192.5757701078,1.0,2.8441,0.1181,0.3877,0.406,6551.8485,103.3533
0.04100000000000003,0.0353124054,1.0024,0.02892,0.0079124,0.3624,0.0274,0.0008367659,3.4629,4.6867,0.0,0.022743,0.170168,4940.3324241473,4411.9367407239,280.5704,2192.5757701128,1.0,2.8441,0.1181,0.3877,0.406,6551.8485,103.3539
0.04200000000000003,0.0353125923,1.0025,0.02892,0.0079126,0.3624,0.0274,0.000836722,3.4628,4.6867,0.0,0.022743,0.170168,4940.3324241729,4411.9367407471,280.5704,2192.5757701178,1.0,2.8441,0.1181,0.3877,0.406,6551.8485,103.3544
0.04300000000000003,0.0353127793,1.0025,0.02892,0.0079128,0.3623,0.0274,0.0008366782,3.4628,4.6867,0.0,0.022743,0.170168,4940.3324241986,4411.9367407702,280.5704,2192.5757701228,1.0,2.8441,0.1181,0.3877,0.406,6551.8485,103.355
0.04400000000000003,0.0353129662,1.0026,0.02891,0.007913,0.3623,0.0274,0.0008366344,3.4627,4.6867,0.0,0.022743,0.170169,4940.3324242243,4411.9367407934,280.5704,2192.5757701278,1.0,2.8441,0.1181,0.3877,0.406,6551.8485,103.3555
0.04500000000000003,0.0353131532,1.0027,0.02891,0.0079132,0.3623,0.0274,0.0008365905,3.4626,4.6868,0.0,0.022743,0.170169,4940.3324242499,4411.9367408166,280.5704,2192.5757701328,1.0,2.8441,0.1181,0.3877,0.406,6551.8485,103.3561
0.046000000000000034,0.0353133401,1.0027,0.02891,0.0079133,0.3623,0.0274,0.0008365467,3.4625,4.6868,0.0,0.022743,0.17017,4940.3324242756,4411.9367408397,280.5704,2192.5757701378,1.0,2.8441,0.1181,0.3877,0.406,6551.8485,103.3566
0.047000000000000035,0.035313527,1.0028,0.02891,0.0079135,0.3622,0.0274,0.0008365029,3.4624,4.6868,0.0,0.022744,0.17017,4940.3324243013,4411.9367408629,280.5704,2192.5757701428,1.0,2.8441,0.1181,0.3877,0.406,6551.8485,103.3572
0.048000000000000036,0.0353137139,1.0028,0.02891,0.0079137,0.3622,0.0274,0.0008364591,3.4623,4.6868,0.0,0.022744,0.170171,4940.3324243269,4411.936740886,280.5704,2192.5757701478,1.0,2.8441,0.1181,0.3877,0.406,6551.8485,103.3577
0.04900000000000004,0.0353139008,1.0029,0.02891,0.0079139,0.3622,0.0274,0.0008364152,3.4623,4.6869,0.0,0.022744,0.170171,4940.3324243526,4411.9367409092,280.5704,2192.5757701528,1.0,2.8441,0.1181,0.3877,0.406,6551.8485,103.3582
0.05000000000000004,0.0353140877,1.003,0.02891,0.0079141,0.3622,0.0274,0.0008363714,3.4622,4.6869,0.0,0.022744,0.170172,4940.3324243782,4411.9367409323,280.5704,2192.5757701579,1.0,2.8441,0.1181,0.3877,0.406,6551.8485,103.3588
0.05100000000000004,0.0353142745,1.003,0.02891,0.0079143,0.3621,0.0274,0.0008363277,3.4621,4.6869,0.0,0.022744,0.170172,4940.3324244039,4411.9367409555,280.5704,2192.5757701629,1.0,2.8441,0.1181,0.3877,0.406,6551.8485,103.3593
0.05200000000000004,0.0353144614,1.0031,0.02891,0.0079145,0.3621,0.0274,0.0008362839,3.462,4.6869,0.0,0.022744,0.170173,4940.3324244296,4411.9367409786,280.5704,2192.5757701679,1.0,2.8441,0.1181,0.3877,0.406,6551.8485,103.3599
0.05300000000000004,0.0353146482,1.0031,0.02891,0.0079146,0.3621,0.0274,0.0008362401,3.4619,4.687,0.0,0.022744,0.170173,4940.3324244552,4411.9367410017,280.5704,2192.5757701729,1.0,2.8441,0.1181,0.3877,0.406,6551.8485,103.3604
0.05400000000000004,0.0353148351,1.0032,0.0289,0.0079148,0.362,0.0274,0.0008361963,3.4619,4.687,0.0,0.022744,0.170173,4940.3324244809,4411.9367410249,280.5704,2192.5757701779,1.0,2.8441,0.1181,0.3877,0.406,6551.8485,103.361
0.05500000000000004,0.0353150219,1.0032,0.0289,0.007915,0.362,0.0274,0.0008361525,3.4618,4.687,0.0,0.022744,0.170174,4940.3324245065,4411.936741048,280.5704,2192.5757701829,1.0,2.8441,0.1181,0.3877,0.406,6551.8485,103.3615
0.05600000000000004,0.0353152087,1.0033,0.0289,0.0079152,0.362,0.0274,0.0008361088,3.4617,4.687,0.0,0.022745,0.170174,4940.3324245322,4411.9367410712,280.5704,2192.5757701879,1.0,2.8441,0.1181,0.3877,0.406,6551.8485,103.3621
0.057000000000000044,0.0353153955,1.0034,0.0289,0.0079154,0.362,0.0274,0.000836065,3.4616,4.6871,0.0,0.022745,0.170175,4940.3324245578,4411.9367410943,280.5704,2192.5757701929,1.0,2.8441,0.1181,0.3877,0.406,6551.8485,103.3626
0.058000000000000045,0.0353155822,1.0034,0.0289,0.0079156,0.3619,0.0274,0.0008360213,3.4615,4.6871,0.0,0.022745,0.170175,4940.3324245835,4411.9367411174,280.5704,2192.5757701979,1.0,2.8441,0.1181,0.3877,0.406,6551.8485,103.3632
0.059000000000000045,0.035315769,1.0035,0.0289,0.0079158,0.3619,0.0274,0.0008359775,3.4614,4.6871,0.0,0.022745,0.170176,4940.3324246091,4411.9367411406,280.5704,2192.5757702029,1.0,2.8441,0.1181,0.3877,0.406,6551.8485,103.3637
0.060000000000000046,0.0353159558,1.0035,0.0289,0.007916,0.3619,0.0274,0.0008359338,3.4614,4.6871,0.0,0.022745,0.170176,4940.3324246347,4411.9367411637,280.5704,2192.5757702079,1.0,2.8441,0.1181,0.3877,0.406,6551.8485,103.3643
0.06100000000000005,0.0353161425,1.0036,0.0289,0.0079161,0.3619,0.0274,0.00083589,3.4613,4.6872,0.0,0.022745,0.170177,4940.3324246604,4411.9367411868,280.5704,2192.5757702129,1.0,2.8441,0.1181,0.3877,0.406,6551.8485,103.3648
0.06200000000000005,0.0353163292,1.0036,0.0289,0.0079163,0.3618,0.0274,0.0008358463,3.4612,4.6872,0.0,0.022745,0.170177,4940.332424686,4411.93674121,280.5704,2192.5757702179,1.0,2.8441,0.1181,0.3877,0.406,6551.8485,103.3654
0.06300000000000004,0.0353165159,1.0037,0.0289,0.0079165,0.3618,0.0274,0.0008358026,3.4611,4.6872,0.0,0.022745,0.170177,4940.3324247117,4411.9367412331,280.5704,2192.5757702229,1.0,2.8441,0.1181,0.3877,0.406,6551.8485,103.3659
0.06400000000000004,0.0353167026,1.0038,0.02889,0.0079167,0.3618,0.0274,0.0008357589,3.461,4.6872,0.0,0.022746,0.170178,4940.3324247373,4411.9367412562,280.5704,2192.5757702279,1.0,2.8441,0.1181,0.3877,0.406,6551.8485,103.3664
0.06500000000000004,0.0353168893,1.0038,0.02889,0.0079169,0.3617,0.0274,0.0008357152,3.461,4.6873,0.0,0.022746,0.170178,4940.3324247629,4411.9367412794,280.5704,2192.5757702329,1.0,2.8441,0.1181,0.3877,0.406,6551.8485,103.367
0.06600000000000004,0.035317076,1.0039,0.02889,0.0079171,0.3617,0.0274,0.0008356715,3.4609,4.6873,0.0,0.022746,0.170179,4940.3324247886,4411.9367413025,280.5704,2192.5757702379,1.0,2.8441,0.1181,0.3877,0.406,6551.8485,103.3675
0.06700000000000005,0.0353172627,1.0039,0.02889,0.0079173,0.3617,0.0274,0.0008356278,3.4608,4.6873,0.0,0.022746,0.170179,4940.3324248142,4411.9367413256,280.5704,2192.5757702429,1.0,2.8441,0.1181,0.3877,0.406,6551.8485,103.3681
0.06800000000000005,0.0353174493,1.004,0.02889,0.0079174,0.3617,0.0274,0.0008355841,3.4607,4.6873,0.0,0.022746,0.17018,4940.3324248398,4411.9367413487,280.5704,2192.575770248,1.0,2.8441,0.1181,0.3877,0.406,6551.8485,103.3686
0.06900000000000005,0.035317636,1.004,0.02889,0.0079176,0.3616,0.0274,0.0008355404,3.4606,4.6874,0.0,0.022746,0.17018,4940.3324248655,4411.9367413719,280.5704,2192.575770253,1.0,2.8441,0.1181,0.3878,0.406,6551.8485,103.3692
0.07000000000000005,0.0353178226,1.0041,0.02889,0.0079178,0.3616,0.0274,0.0008354968,3.4605,4.6874,0.0,0.022746,0.170181,4940.3324248911,4411.936741395,280.5704,2192.575770258,1.0,2.8441,0.1181,0.3878,0.406,6551.8485,103.3697
0.07100000000000005,0.0353180092,1.0042,0.02889,0.007918,0.3616,0.0274,0.0008354531,3.4605,4.6874,0.0,0.022746,0.170181,4940.3324249167,4411.9367414181,280.5704,2192.575770263,1.0,2.8441,0.1181,0.3878,0.406,6551.8485,103.3703
0.07200000000000005,0.0353181958,1.0042,0.02889,0.0079182,0.3615,0.0274,0.0008354094,3.4604,4.6874,0.0,0.022747,0.170182,4940.3324249423,4411.9367414412,280.5704,2192.575770268,1.0,2.8441,0.1181,0.3878,0.406,6551.8485,103.3708
0.07300000000000005,0.0353183824,1.0043,0.02889,0.0079184,0.3615,0.0274,0.0008353658,3.4603,4.6875,0.0,0.022747,0.170182,4940.332424968,4411.9367414643,280.5704,2192.575770273,1.0,2.8441,0.1181,0.3878,0.406,6551.8485,103.3714
0.07400000000000005,0.035318569,1.0043,0.02888,0.0079186,0.3615,0.0274,0.0008353221,3.4602,4.6875,0.0,0.022747,0.170182,4940.3324249936,4411.9367414874,280.5704,2192.575770278,1.0,2.8441,0.1181,0.3878,0.406,6551.8485,103.3719
0.07500000000000005,0.0353187556,1.0044,0.02888,0.0079188,0.3615,0.0274,0.0008352785,3.4601,4.6875,0.0,0.022747,0.170183,4940.3324250192,4411.9367415106,280.5704,2192.575770283,1.0,2.8441,0.1181,0.3878,0.406,6551.8485,103.3724
0.07600000000000005,0.0353189422,1.0045,0.02888,0.0079189,0.3614,0.0274,0.0008352348,3.4601,4.6875,0.0,0.022747,0.170183,4940.3324250448,4411.9367415337,280.5704,2192.575770288,1.0,2.8441,0.1181,0.3878,0.406,6551.8485,103.373
0.07700000000000005,0.0353191287,1.0045,0.02888,0.0079191,0.3614,0.0274,0.0008351912,3.46,4.6876,0.0,0.022747,0.170184,4940.3324250704,4411.9367415568,280.5704,2192.575770293,1.0,2.8441,0.1181,0.3878,0.406,6551.8485,103.3735
0.07800000000000006,0.0353193152,1.0046,0.02888,0.0079193,0.3614,0.0274,0.0008351476,3.4599,4.6876,0.0,0.022747,0.170184,4940.3324250961,4411.9367415799,280.5704,2192.575770298,1.0,2.8441,0.1181,0.3878,0.406,6551.8485,103.3741
0.07900000000000006,0.0353195018,1.0046,0.02888,0.0079195,0.3614,0.0274,0.000835104,3.4598,4.6876,0.0,0.022747,0.170185,4940.3324251217,4411.936741603,280.5704,2192.575770303,1.0,2.8441,0.1181,0.3878,0.406,6551.8485,103.3746
0.08000000000000006,0.0353196883,1.0047,0.02888,0.0079197,0.3613,0.0274,0.0008350604,3.4597,4.6876,0.0,0.022747,0.170185,4940.3324251473,4411.9367416261,280.5704,2192.575770308,1.0,2.8441,0.1181,0.3878,0.406,6551.8485,103.3752
0.08100000000000006,0.0353198748,1.0047,0.02888,0.0079199,0.3613,0.0274,0.0008350168,3.4597,4.6877,0.0,0.022748,0.170186,4940.3324251729,4411.9367416492,280.5704,2192.575770313,1.0,2.8441,0.1181,0.3878,0.406,6551.8485,103.3757
0.08200000000000006,0.0353200613,1.0048,0.02888,0.0079201,0.3613,0.0274,0.0008349732,3.4596,4.6877,0.0,0.022748,0.170186,4940.3324251985,4411.9367416723,280.5704,2192.575770318,1.0,2.8441,0.1181,0.3878,0.406,6551.8485,103.3763
0.08300000000000006,0.0353202477,1.0049,0.02888,0.0079202,0.3612,0.0274,0.0008349296,3.4595,4.6877,0.0,0.022748,0.170186,4940.3324252241,4411.9367416954,280.5704,2192.575770323,1.0,2.8441,0.1181,0.3878,0.406,6551.8485,103.3768
0.08400000000000006,0.0353204342,1.0049,0.02888,0.0079204,0.3612,0.0274,0.000834886,3.4594,4.6877,0.0,0.022748,0.170187,4940.3324252497,4411.9367417185,280.5704,2192.575770328,1.0,2.8441,0.1181,0.3878,0.406,6551.8485,103.3774
0.08500000000000006,0.0353206206,1.005,0.02887,0.0079206,0.3612,0.0274,0.0008348424,3.4593,4.6878,0.0,0.022748,0.170187,4940.3324252753,4411.9367417416,280.5704,2192.575770333,1.0,2.8441,0.1181,0.3878,0.406,6551.8485,103.3779
0.08600000000000006,0.0353208071,1.005,0.02887,0.0079208,0.3612,0.0274,0.0008347988,3.4592,4.6878,0.0,0.022748,0.170188,4940.3324253009,4411.9367417647,280.5704,2192.5757703379,1.0,2.8441,0.1181,0.3878,0.406,6551.8485,103.3784
0.08700000000000006,0.0353209935,1.0051,0.02887,0.007921,0.3611,0.0274,0.0008347553,3.4592,4.6878,0.0,0.022748,0.170188,4940.3324253265,4411.9367417878,280.5704,2192.5757703429,1.0,2.8441,0.1181,0.3878,0.406,6551.8485,103.379
0.08800000000000006,0.0353211799,1.0051,0.02887,0.0079212,0.3611,0.0274,0.0008347117,3.4591,4.6878,0.0,0.022748,0.170189,4940.3324253521,4411.9367418109,280.5704,2192.5757703479,1.0,2.8441,0.1181,0.3878,0.406,6551.8485,103.3795
0.08900000000000007,0.0353213663,1.0052,0.02887,0.0079214,0.3611,0.0274,0.0008346682,3.459,4.6879,0.0,0.022749,0.170189,4940.3324253777,4411.936741834,280.5704,2192.5757703529,1.0,2.8441,0.1181,0.3878,0.406,6551.8485,103.3801
0.09000000000000007,0.0353215527,1.0053,0.02887,0.0079216,0.3611,0.0274,0.0008346246,3.4589,4.6879,0.0,0.022749,0.17019,4940.3324254033,4411.9367418571,280.5704,2192.5757703579,1.0,2.8441,0.1181,0.3878,0.406,6551.8485,103.3806
0.09100000000000007,0.0353217391,1.0053,0.02887,0.0079217,0.361,0.0274,0.0008345811,3.4588,4.6879,0.0,0.022749,0.17019,4940.3324254289,4411.9367418802,280.5704,2192.5757703629,1.0,2.8441,0.1181,0.3878,0.406,6551.8485,103.3812
0.09200000000000007,0.0353219255,1.0054,0.02887,0.0079219,0.361,0.0274,0.0008345375,3.4588,4.6879,0.0,0.022749,0.170191,4940.3324254545,4411.9367419033,280.5704,2192.5757703679,1.0,2.8441,0.1181,0.3878,0.406,6551.8485,103.3817
0.09300000000000007,0.0353221118,1.0054,0.02887,0.0079221,0.361,0.0274,0.000834494,3.4587,4.688,0.0,0.022749,0.170191,4940.3324254801,4411.9367419264,280.5704,2192.5757703729,1.0,2.8441,0.1181,0.3878,0.406,6551.8485,103.3823
0.09400000000000007,0.0353222982,1.0055,0.02887,0.0079223,0.3609,0.0274,0.0008344505,3.4586,4.688,0.0,0.022749,0.170191,4940.3324255057,4411.9367419494,280.5704,2192.5757703779,1.0,2.8441,0.1181,0.3878,0.406,6551.8485,103.3828
0.09500000000000007,0.0353224845,1.0056,0.02886,0.0079225,0.3609,0.0274,0.000834407,3.4585,4.688,0.0,0.022749,0.170192,4940.3324255313,4411.9367419725,280.5704,2192.5757703829,1.0,2.8441,0.1181,0.3878,0.406,6551.8485,103.3834
0.09600000000000007,0.0353226708,1.0056,0.02886,0.0079227,0.3609,0.0274,0.0008343635,3.4584,4.688,0.0,0.022749,0.170192,4940.3324255569,4411.9367419956,280.5704,2192.5757703879,1.0,2.8441,0.1181,0.3878,0.406,6551.8485,103.3839
0.09700000000000007,0.0353228571,1.0057,0.02886,0.0079229,0.3609,0.0274,0.00083432,3.4583,4.6881,0.0,0.02275,0.170193,4940.3324255825,4411.9367420187,280.5704,2192.5757703929,1.0,2.8441,0.1181,0.3878,0.406,6551.8485,103.3844
0.09800000000000007,0.0353230434,1.0057,0.02886,0.007923,0.3608,0.0274,0.0008342765,3.4583,4.6881,0.0,0.02275,0.170193,4940.3324256081,4411.9367420418,280.5704,2192.5757703979,1.0,2.8441,0.1181,0.3878,0.406,6551.8485,103.385
0.09900000000000007,0.0353232297,1.0058,0.02886,0.0079232,0.3608,0.0274,0.000834233,3.4582,4.6881,0.0,0.02275,0.170194,4940.3324256336,4411.9367420649,280.5704,2192.5757704029,1.0,2.8441,0.1181,0.3878,0.406,6551.8485,103.3855
0.10000000000000007,0.035323416,1.0058,0.02886,0.0079234,0.3608,0.0274,0.0008341895,3.4581,4.6881,0.0,0.02275,0.170194,4940.3324256592,4411.9367420879,280.5704,2192.5757704079,1.0,2.8441,0.1181,0.3878,0.406,6551.8485,103.3861
0.10100000000000008,0.0353236022,1.0059,0.02886,0.0079236,0.3608,0.0274,0.000834146,3.458,4.6882,0.0,0.02275,0.170195,4940.3324256848,4411.936742111,280.5704,2192.5757704129,1.0,2.8441,0.1181,0.3878,0.406,6551.8485,103.3866
0.10200000000000008,0.0353237885,1.006,0.02886,0.0079238,0.3607,0.0274,0.0008341025,3.4579,4.6882,0.0,0.02275,0.170195,4940.3324257104,4411.9367421341,280.5704,2192.5757704179,1.0,2.8441,0.1181,0.3878,0.406,6551.8485,103.3872
0.10300000000000008,0.0353239747,1.006,0.02886,0.007924,0.3607,0.0274,0.0008340591,3.4579,4.6882,0.0,0.02275,0.170195,4940.332425736,4411.9367421572,280.5704,2192.5757704229,1.0,2.8441,0.1181,0.3878,0.406,6551.8485,103.3877
0.10400000000000008,0.0353241609,1.0061,0.02886,0.0079242,0.3607,0.0274,0.0008340156,3.4578,4.6882,0.0,0.02275,0.170196,4940.3324257615,4411.9367421802,280.5704,2192.5757704278,1.0,2.8441,0.1181,0.3878,0.406,6551.8485,103.3883
0.10500000000000008,0.0353243471,1.0061,0.02885,0.0079243,0.3606,0.0274,0.0008339722,3.4577,4.6883,0.0,0.02275,0.170196,4940.3324257871,4411.9367422033,280.5704,2192.5757704328,1.0,2.8441,0.1181,0.3878,0.406,6551.8485,103.3888
0.10600000000000008,0.0353245333,1.0062,0.02885,0.0079245,0.3606,0.0274,0.0008339287,3.4576,4.6883,0.0,0.022751,0.170197,4940.3324258127,4411.9367422264,280.5704,2192.5757704378,1.0,2.8441,0.1181,0.3878,0.406,6551.8485,103.3893
0.10700000000000008,0.0353247195,1.0062,0.02885,0.0079247,0.3606,0.0274,0.0008338853,3.4575,4.6883,0.0,0.022751,0.170197,4940.3324258383,4411.9367422495,280.5704,2192.5757704428,1.0,2.8441,0.1181,0.3878,0.406,6551.8485,103.3899
0.10800000000000008,0.0353249057,1.0063,0.02885,0.0079249,0.3606,0.0274,0.0008338418,3.4575,4.6883,0.0,0.022751,0.170198,4940.3324258638,4411.9367422725,280.5704,2192.5757704478,1.0,2.8441,0.1181,0.3878,0.406,6551.8485,103.3904
0.10900000000000008,0.0353250918,1.0064,0.02885,0.0079251,0.3605,0.0274,0.0008337984,3.4574,4.6884,0.0,0.022751,0.170198,4940.3324258894,4411.9367422956,280.5704,2192.5757704528,1.0,2.8441,0.1181,0.3878,0.406,6551.8485,103.391
0.11000000000000008,0.035325278,1.0064,0.02885,0.0079253,0.3605,0.0274,0.000833755,3.4573,4.6884,0.0,0.022751,0.170199,4940.332425915,4411.9367423187,280.5704,2192.5757704578,1.0,2.8441,0.1181,0.3878,0.406,6551.8485,103.3915
0.11100000000000008,0.0353254641,1.0065,0.02885,0.0079255,0.3605,0.0274,0.0008337116,3.4572,4.6884,0.0,0.022751,0.170199,4940.3324259405,4411.9367423417,280.5704,2192.5757704628,1.0,2.8441,0.1181,0.3878,0.406,6551.8485,103.3921
0.11200000000000009,0.0353256503,1.0065,0.02885,0.0079257,0.3605,0.0274,0.0008336682,3.4571,4.6884,0.0,0.022751,0.170199,4940.3324259661,4411.9367423648,280.5704,2192.5757704678,1.0,2.8441,0.1181,0.3878,0.406,6551.8485,103.3926
0.11300000000000009,0.0353258364,1.0066,0.02885,0.0079258,0.3604,0.0274,0.0008336248,3.457,4.6885,0.0,0.022751,0.1702,4940.3324259916,4411.9367423878,280.5704,2192.5757704728,1.0,2.8441,0.1181,0.3878,0.406,6551.8485,103.3932
0.11400000000000009,0.0353260225,1.0066,0.02885,0.007926,0.3604,0.0274,0.0008335814,3.457,4.6885,0.0,0.022752,0.1702,4940.3324260172,4411.9367424109,280.5704,2192.5757704778,1.0,2.8441,0.1181,0.3878,0.406,6551.8485,103.3937
0.11500000000000009,0.0353262086,1.0067,0.02884,0.0079262,0.3604,0.0274,0.000833538,3.4569,4.6885,0.0,0.022752,0.170201,4940.3324260428,4411.936742434,280.5704,2192.5757704827,1.0,2.8441,0.1181,0.3878,0.406,6551.8485,103.3942
0.11600000000000009,0.0353263946,1.0068,0.02884,0.0079264,0.3603,0.0274,0.0008334946,3.4568,4.6885,0.0,0.022752,0.170201,4940.3324260683,4411.936742457,280.5704,2192.5757704877,1.0,2.8441,0.1181,0.3878,0.406,6551.8485,103.3948
0.11700000000000009,0.0353265807,1.0068,0.02884,0.0079266,0.3603,0.0274,0.0008334512,3.4567,4.6885,0.0,0.022752,0.170202,4940.3324260939,4411.9367424801,280.5704,2192.5757704927,1.0,2.8441,0.1181,0.3878,0.406,6551.8485,103.3953
0.11800000000000009,0.0353267668,1.0069,0.02884,0.0079268,0.3603,0.0274,0.0008334079,3.4566,4.6886,0.0,0.022752,0.170202,4940.3324261194,4411.9367425031,280.5704,2192.5757704977,1.0,2.8441,0.1181,0.3878,0.406,6551.8485,103.3959
0.11900000000000009,0.0353269528,1.0069,0.02884,0.007927,0.3603,0.0274,0.0008333645,3.4566,4.6886,0.0,0.022752,0.170203,4940.332426145,4411.9367425262,280.5704,2192.5757705027,1.0,2.8441,0.1181,0.3878,0.406,6551.8485,103.3964
0.12000000000000009,0.0353271388,1.007,0.02884,0.0079271,0.3602,0.0274,0.0008333211,3.4565,4.6886,0.0,0.022752,0.170203,4940.3324261705,4411.9367425492,280.5704,2192.5757705077,1.0,2.8441,0.1181,0.3878,0.406,6551.8485,103.397
0.1210000000000001,0.0353273248,1.0071,0.02884,0.0079273,0.3602,0.0274,0.0008332778,3.4564,4.6886,0.0,0.022752,0.170204,4940.3324261961,4411.9367425723,280.5704,2192.5757705127,1.0,2.8441,0.1181,0.3878,0.406,6551.8485,103.3975
0.1220000000000001,0.0353275108,1.0071,0.02884,0.0079275,0.3602,0.0274,0.0008332344,3.4563,4.6887,0.0,0.022753,0.170204,4940.3324262216,4411.9367425953,280.5704,2192.5757705177,1.0,2.8441,0.1181,0.3878,0.406,6551.8485,103.3981
0.1230000000000001,0.0353276968,1.0072,0.02884,0.0079277,0.3602,0.0274,0.0008331911,3.4562,4.6887,0.0,0.022753,0.170204,4940.3324262472,4411.9367426184,280.5704,2192.5757705226,1.0,2.8441,0.1181,0.3878,0.406,6551.8485,103.3986
0.1240000000000001,0.0353278828,1.0072,0.02884,0.0079279,0.3601,0.0274,0.0008331478,3.4562,4.6887,0.0,0.022753,0.170205,4940.3324262727,4411.9367426414,280.5704,2192.5757705276,1.0,2.8441,0.1181,0.3878,0.406,6551.8485,103.3991
0.12500000000000008,0.0353280688,1.0073,0.02883,0.0079281,0.3601,0.0274,0.0008331044,3.4561,4.6887,0.0,0.022753,0.170205,4940.3324262983,4411.9367426645,280.5704,2192.5757705326,1.0,2.8441,0.1181,0.3878,0.4061,6551.8485,103.3997
0.12600000000000008,0.0353282547,1.0073,0.02883,0.0079283,0.3601,0.0274,0.0008330611,3.456,4.6888,0.0,0.022753,0.170206,4940.3324263238,4411.9367426875,280.5704,2192.5757705376,1.0,2.8441,0.1181,0.3878,0.4061,6551.8485,103.4002
0.12700000000000009,0.0353284407,1.0074,0.02883,0.0079284,0.36,0.0274,0.0008330178,3.4559,4.6888,0.0,0.022753,0.170206,4940.3324263494,4411.9367427106,280.5704,2192.5757705426,1.0,2.8441,0.1181,0.3878,0.4061,6551.8485,103.4008
0.12800000000000009,0.0353286266,1.0075,0.02883,0.0079286,0.36,0.0274,0.0008329745,3.4558,4.6888,0.0,0.022753,0.170207,4940.3324263749,4411.9367427336,280.5704,2192.5757705476,1.0,2.8441,0.1181,0.3878,0.4061,6551.8485,103.4013
0.1290000000000001,0.0353288125,1.0075,0.02883,0.0079288,0.36,0.0274,0.0008329312,3.4558,4.6888,0.0,0.022753,0.170207,4940.3324264004,4411.9367427566,280.5704,2192.5757705526,1.0,2.8441,0.1181,0.3878,0.4061,6551.8485,103.4019
0.1300000000000001,0.0353289985,1.0076,0.02883,0.007929,0.36,0.0274,0.0008328879,3.4557,4.6889,0.0,0.022753,0.170208,4940.332426426,4411.9367427797,280.5704,2192.5757705575,1.0,2.8441,0.1181,0.3878,0.4061,6551.8485,103.4024
0.1310000000000001,0.0353291844,1.0076,0.02883,0.0079292,0.3599,0.0274,0.0008328446,3.4556,4.6889,0.0,0.022754,0.170208,4940.3324264515,4411.9367428027,280.5704,2192.5757705625,1.0,2.8441,0.1181,0.3878,0.4061,6551.8485,103.4029
0.1320000000000001,0.0353293702,1.0077,0.02883,0.0079294,0.3599,0.0274,0.0008328013,3.4555,4.6889,0.0,0.022754,0.170208,4940.332426477,4411.9367428257,280.5704,2192.5757705675,1.0,2.8441,0.1181,0.3878,0.4061,6551.8485,103.4035
0.1330000000000001,0.0353295561,1.0077,0.02883,0.0079296,0.3599,0.0274,0.0008327581,3.4554,4.6889,0.0,0.022754,0.170209,4940.3324265026,4411.9367428488,280.5704,2192.5757705725,1.0,2.8441,0.1181,0.3878,0.4061,6551.8485,103.404
0.1340000000000001,0.035329742,1.0078,0.02883,0.0079297,0.3599,0.0274,0.0008327148,3.4553,4.689,0.0,0.022754,0.170209,4940.3324265281,4411.9367428718,280.5704,2192.5757705775,1.0,2.8441,0.1181,0.3878,0.4061,6551.8485,103.4046
0.1350000000000001,0.0353299278,1.0079,0.02883,0.0079299,0.3598,0.0274,0.0008326715,3.4553,4.689,0.0,0.022754,0.17021,4940.3324265536,4411.9367428948,280.5704,2192.5757705825,1.0,2.8441,0.1181,0.3878,0.4061,6551.8485,103.4051
0.1360000000000001,0.0353301137,1.0079,0.02882,0.0079301,0.3598,0.0274,0.0008326283,3.4552,4.689,0.0,0.022754,0.17021,4940.3324265792,4411.9367429179,280.5704,2192.5757705874,1.0,2.8441,0.1181,0.3878,0.4061,6551.8485,103.4057
0.1370000000000001,0.0353302995,1.008,0.02882,0.0079303,0.3598,0.0274,0.000832585,3.4551,4.689,0.0,0.022754,0.170211,4940.3324266047,4411.9367429409,280.5704,2192.5757705924,1.0,2.8441,0.1181,0.3878,0.4061,6551.8485,103.4062
0.1380000000000001,0.0353304853,1.008,0.02882,0.0079305,0.3597,0.0274,0.0008325418,3.455,4.6891,0.0,0.022754,0.170211,4940.3324266302,4411.9367429639,280.5704,2192.5757705974,1.0,2.8441,0.1181,0.3878,0.4061,6551.8485,103.4068
0.1390000000000001,0.0353306711,1.0081,0.02882,0.0079307,0.3597,0.0274,0.0008324985,3.4549,4.6891,0.0,0.022755,0.170212,4940.3324266557,4411.9367429869,280.5704,2192.5757706024,1.0,2.8441,0.1181,0.3878,0.4061,6551.8485,103.4073
0.1400000000000001,0.0353308569,1.0081,0.02882,0.0079309,0.3597,0.0274,0.0008324553,3.4549,4.6891,0.0,0.022755,0.170212,4940.3324266813,4411.93674301,280.5704,2192.5757706074,1.0,2.8441,0.1181,0.3878,0.4061,6551.8485,103.4078
0.1410000000000001,0.0353310427,1.0082,0.02882,0.007931,0.3597,0.0274,0.0008324121,3.4548,4.6891,0.0,0.022755,0.170212,4940.3324267068,4411.936743033,280.5704,2192.5757706123,1.0,2.8441,0.1181,0.3878,0.4061,6551.8485,103.4084
0.1420000000000001,0.0353312284,1.0083,0.02882,0.0079312,0.3596,0.0274,0.0008323689,3.4547,4.6892,0.0,0.022755,0.170213,4940.3324267323,4411.936743056,280.5704,2192.5757706173,1.0,2.8441,0.1181,0.3878,0.4061,6551.8485,103.4089
0.1430000000000001,0.0353314142,1.0083,0.02882,0.0079314,0.3596,0.0274,0.0008323257,3.4546,4.6892,0.0,0.022755,0.170213,4940.3324267578,4411.936743079,280.5704,2192.5757706223,1.0,2.8441,0.1181,0.3878,0.4061,6551.8485,103.4095
0.1440000000000001,0.0353315999,1.0084,0.02882,0.0079316,0.3596,0.0274,0.0008322825,3.4545,4.6892,0.0,0.022755,0.170214,4940.3324267833,4411.9367431021,280.5704,2192.5757706273,1.0,2.8441,0.1181,0.3878,0.4061,6551.8485,103.41
0.1450000000000001,0.0353317857,1.0084,0.02882,0.0079318,0.3595,0.0274,0.0008322393,3.4545,4.6892,0.0,0.022755,0.170214,4940.3324268088,4411.9367431251,280.5704,2192.5757706323,1.0,2.8441,0.1181,0.3878,0.4061,6551.8485,103.4106
0.1460000000000001,0.0353319714,1.0085,0.02881,0.007932,0.3595,0.0274,0.0008321961,3.4544,4.6893,0.0,0.022755,0.170215,4940.3324268344,4411.9367431481,280.5704,2192.5757706372,1.0,2.8441,0.1181,0.3878,0.4061,6551.8485,103.4111
0.1470000000000001,0.0353321571,1.0086,0.02881,0.0079322,0.3595,0.0274,0.0008321529,3.4543,4.6893,0.0,0.022755,0.170215,4940.3324268599,4411.9367431711,280.5704,2192.5757706422,1.0,2.8441,0.1181,0.3878,0.4061,6551.8485,103.4116
0.1480000000000001,0.0353323428,1.0086,0.02881,0.0079323,0.3595,0.0274,0.0008321097,3.4542,4.6893,0.0,0.022756,0.170216,4940.3324268854,4411.9367431941,280.5704,2192.5757706472,1.0,2.8441,0.1181,0.3878,0.4061,6551.8485,103.4122
0.1490000000000001,0.0353325285,1.0087,0.02881,0.0079325,0.3594,0.0274,0.0008320665,3.4541,4.6893,0.0,0.022756,0.170216,4940.3324269109,4411.9367432171,280.5704,2192.5757706522,1.0,2.8441,0.1181,0.3878,0.4061,6551.8485,103.4127
0.1500000000000001,0.0353327141,1.0087,0.02881,0.0079327,0.3594,0.0274,0.0008320233,3.4541,4.6894,0.0,0.022756,0.170217,4940.3324269364,4411.9367432401,280.5704,2192.5757706572,1.0,2.8441,0.1181,0.3878,0.4061,6551.8485,103.4133
0.1510000000000001,0.0353328998,1.0088,0.02881,0.0079329,0.3594,0.0274,0.0008319802,3.454,4.6894,0.0,0.022756,0.170217,4940.3324269619,4411.9367432632,280.5704,2192.5757706621,1.0,2.8441,0.1181,0.3878,0.4061,6551.8485,103.4138
0.1520000000000001,0.0353330854,1.0088,0.02881,0.0079331,0.3594,0.0274,0.000831937,3.4539,4.6894,0.0,0.022756,0.170217,4940.3324269874,4411.9367432862,280.5704,2192.5757706671,1.0,2.8441,0.1181,0.3878,0.4061,6551.8485,103.4144
0.1530000000000001,0.0353332711,1.0089,0.02881,0.0079333,0.3593,0.0274,0.0008318939,3.4538,4.6894,0.0,0.022756,0.170218,4940.3324270129,4411.9367433092,280.5704,2192.5757706721,1.0,2.8441,0.1181,0.3878,0.4061,6551.8485,103.4149
0.1540000000000001,0.0353334567,1.009,0.02881,0.0079335,0.3593,0.0274,0.0008318507,3.4537,4.6895,0.0,0.022756,0.170218,4940.3324270384,4411.9367433322,280.5704,2192.5757706771,1.0,2.8441,0.1181,0.3878,0.4061,6551.8485,103.4154
0.1550000000000001,0.0353336423,1.009,0.02881,0.0079336,0.3593,0.0274,0.0008318076,3.4536,4.6895,0.0,0.022756,0.170219,4940.3324270639,4411.9367433552,280.5704,2192.5757706821,1.0,2.8441,0.1181,0.3878,0.4061,6551.8485,103.416
0.1560000000000001,0.0353338279,1.0091,0.0288,0.0079338,0.3592,0.0274,0.0008317645,3.4536,4.6895,0.0,0.022757,0.170219,4940.3324270894,4411.9367433782,280.5704,2192.575770687,1.0,2.8441,0.1181,0.3878,0.4061,6551.8485,103.4165
0.1570000000000001,0.0353340135,1.0091,0.0288,0.007934,0.3592,0.0274,0.0008317213,3.4535,4.6895,0.0,0.022757,0.17022,4940.3324271149,4411.9367434012,280.5704,2192.575770692,1.0,2.8441,0.1181,0.3878,0.4061,6551.8485,103.4171
0.1580000000000001,0.035334199,1.0092,0.0288,0.0079342,0.3592,0.0274,0.0008316782,3.4534,4.6896,0.0,0.022757,0.17022,4940.3324271404,4411.9367434242,280.5704,2192.575770697,1.0,2.8441,0.1181,0.3878,0.4061,6551.8485,103.4176
0.1590000000000001,0.0353343846,1.0092,0.0288,0.0079344,0.3592,0.0274,0.0008316351,3.4533,4.6896,0.0,0.022757,0.170221,4940.3324271659,4411.9367434472,280.5704,2192.575770702,1.0,2.8441,0.1181,0.3878,0.4061,6551.8485,103.4182
0.16000000000000011,0.0353345702,1.0093,0.0288,0.0079346,0.3591,0.0274,0.000831592,3.4532,4.6896,0.0,0.022757,0.170221,4940.3324271914,4411.9367434702,280.5704,2192.5757707069,1.0,2.8441,0.1181,0.3878,0.4061,6551.8485,103.4187
0.16100000000000012,0.0353347557,1.0094,0.0288,0.0079348,0.3591,0.0274,0.0008315489,3.4532,4.6896,0.0,0.022757,0.170221,4940.3324272169,4411.9367434932,280.5704,2192.5757707119,1.0,2.8441,0.1181,0.3878,0.4061,6551.8485,103.4192
0.16200000000000012,0.0353349412,1.0094,0.0288,0.0079349,0.3591,0.0274,0.0008315058,3.4531,4.6897,0.0,0.022757,0.170222,4940.3324272424,4411.9367435162,280.5704,2192.5757707169,1.0,2.8441,0.1181,0.3878,0.4061,6551.8485,103.4198
0.16300000000000012,0.0353351267,1.0095,0.0288,0.0079351,0.3591,0.0274,0.0008314627,3.453,4.6897,0.0,0.022757,0.170222,4940.3324272678,4411.9367435392,280.5704,2192.5757707219,1.0,2.8441,0.1181,0.3878,0.4061,6551.8485,103.4203
0.16400000000000012,0.0353353122,1.0095,0.0288,0.0079353,0.359,0.0274,0.0008314196,3.4529,4.6897,0.0,0.022758,0.170223,4940.3324272933,4411.9367435621,280.5704,2192.5757707268,1.0,2.8441,0.1181,0.3878,0.4061,6551.8485,103.4209
0.16500000000000012,0.0353354977,1.0096,0.0288,0.0079355,0.359,0.0274,0.0008313766,3.4528,4.6897,0.0,0.022758,0.170223,4940.3324273188,4411.9367435851,280.5704,2192.5757707318,1.0,2.8441,0.1181,0.3878,0.4061,6551.8485,103.4214
0.16600000000000012,0.0353356832,1.0096,0.0288,0.0079357,0.359,0.0274,0.0008313335,3.4528,4.6898,0.0,0.022758,0.170224,4940.3324273443,4411.9367436081,280.5704,2192.5757707368,1.0,2.8441,0.1181,0.3878,0.4061,6551.8485,103.422
0.16700000000000012,0.0353358687,1.0097,0.02879,0.0079359,0.3589,0.0274,0.0008312904,3.4527,4.6898,0.0,0.022758,0.170224,4940.3324273698,4411.9367436311,280.5704,2192.5757707418,1.0,2.8441,0.1181,0.3879,0.4061,6551.8485,103.4225
0.16800000000000012,0.0353360541,1.0098,0.02879,0.0079361,0.3589,0.0274,0.0008312474,3.4526,4.6898,0.0,0.022758,0.170225,4940.3324273953,4411.9367436541,280.5704,2192.5757707467,1.0,2.8441,0.1181,0.3879,0.4061,6551.8485,103.423
0.16900000000000012,0.0353362396,1.0098,0.02879,0.0079362,0.3589,0.0274,0.0008312043,3.4525,4.6898,0.0,0.022758,0.170225,4940.3324274207,4411.9367436771,280.5704,2192.5757707517,1.0,2.8441,0.1181,0.3879,0.4061,6551.8485,103.4236
0.17000000000000012,0.035336425,1.0099,0.02879,0.0079364,0.3589,0.0274,0.0008311613,3.4524,4.6899,0.0,0.022758,0.170225,4940.3324274462,4411.9367437001,280.5704,2192.5757707567,1.0,2.8441,0.1181,0.3879,0.4061,6551.8485,103.4241
0.17100000000000012,0.0353366104,1.0099,0.02879,0.0079366,0.3588,0.0274,0.0008311182,3.4524,4.6899,0.0,0.022758,0.170226,4940.3324274717,4411.9367437231,280.5704,2192.5757707616,1.0,2.8441,0.1181,0.3879,0.4061,6551.8485,103.4247
0.17200000000000013,0.0353367958,1.01,0.02879,0.0079368,0.3588,0.0274,0.0008310752,3.4523,4.6899,0.0,0.022758,0.170226,4940.3324274972,4411.936743746,280.5704,2192.5757707666,1.0,2.8441,0.1181,0.3879,0.4061,6551.8485,103.4252
0.17300000000000013,0.0353369812,1.01,0.02879,0.007937,0.3588,0.0274,0.0008310322,3.4522,4.6899,0.0,0.022759,0.170227,4940.3324275226,4411.936743769,280.5704,2192.5757707716,1.0,2.8441,0.1181,0.3879,0.4061,6551.8485,103.4258
0.17400000000000013,0.0353371666,1.0101,0.02879,0.0079372,0.3588,0.0274,0.0008309892,3.4521,4.69,0.0,0.022759,0.170227,4940.3324275481,4411.936743792,280.5704,2192.5757707766,1.0,2.8441,0.1181,0.3879,0.4061,6551.8485,103.4263
0.17500000000000013,0.035337352,1.0102,0.02879,0.0079374,0.3587,0.0274,0.0008309461,3.452,4.69,0.0,0.022759,0.170228,4940.3324275736,4411.936743815,280.5704,2192.5757707815,1.0,2.8441,0.1182,0.3879,0.4061,6551.8485,103.4268
0.17600000000000013,0.0353375373,1.0102,0.02879,0.0079375,0.3587,0.0274,0.0008309031,3.452,4.69,0.0,0.022759,0.170228,4940.332427599,4411.9367438379,280.5704,2192.5757707865,1.0,2.8441,0.1182,0.3879,0.4061,6551.8485,103.4274
0.17700000000000013,0.0353377227,1.0103,0.02878,0.0079377,0.3587,0.0274,0.0008308601,3.4519,4.69,0.0,0.022759,0.170229,4940.3324276245,4411.9367438609,280.5704,2192.5757707915,1.0,2.8441,0.1182,0.3879,0.4061,6551.8485,103.4279
0.17800000000000013,0.035337908,1.0103,0.02878,0.0079379,0.3586,0.0274,0.0008308171,3.4518,4.6901,0.0,0.022759,0.170229,4940.33242765,4411.9367438839,280.5704,2192.5757707964,1.0,2.8441,0.1182,0.3879,0.4061,6551.8485,103.4285
0.17900000000000013,0.0353380934,1.0104,0.02878,0.0079381,0.3586,0.0274,0.0008307742,3.4517,4.6901,0.0,0.022759,0.170229,4940.3324276754,4411.9367439069,280.5704,2192.5757708014,1.0,2.8441,0.1182,0.3879,0.4061,6551.8485,103.429
0.18000000000000013,0.0353382787,1.0105,0.02878,0.0079383,0.3586,0.0274,0.0008307312,3.4516,4.6901,0.0,0.022759,0.17023,4940.3324277009,4411.9367439298,280.5704,2192.5757708064,1.0,2.8441,0.1182,0.3879,0.4061,6551.8485,103.4295
0.18100000000000013,0.035338464,1.0105,0.02878,0.0079385,0.3586,0.0274,0.0008306882,3.4515,4.6901,0.0,0.02276,0.17023,4940.3324277264,4411.9367439528,280.5704,2192.5757708113,1.0,2.8441,0.1182,0.3879,0.4061,6551.8485,103.4301
0.18200000000000013,0.0353386493,1.0106,0.02878,0.0079386,0.3585,0.0274,0.0008306452,3.4515,4.6902,0.0,0.02276,0.170231,4940.3324277518,4411.9367439758,280.5704,2192.5757708163,1.0,2.8441,0.1182,0.3879,0.4061,6551.8485,103.4306
0.18300000000000013,0.0353388345,1.0106,0.02878,0.0079388,0.3585,0.0274,0.0008306023,3.4514,4.6902,0.0,0.02276,0.170231,4940.3324277773,4411.9367439987,280.5704,2192.5757708213,1.0,2.8441,0.1182,0.3879,0.4061,6551.8485,103.4312
0.18400000000000014,0.0353390198,1.0107,0.02878,0.007939,0.3585,0.0274,0.0008305593,3.4513,4.6902,0.0,0.02276,0.170232,4940.3324278027,4411.9367440217,280.5704,2192.5757708263,1.0,2.8441,0.1182,0.3879,0.4061,6551.8485,103.4317
0.18500000000000014,0.035339205,1.0107,0.02878,0.0079392,0.3585,0.0274,0.0008305164,3.4512,4.6902,0.0,0.02276,0.170232,4940.3324278282,4411.9367440447,280.5704,2192.5757708312,1.0,2.8441,0.1182,0.3879,0.4061,6551.8485,103.4323
0.18600000000000014,0.0353393903,1.0108,0.02878,0.0079394,0.3584,0.0274,0.0008304734,3.4511,4.6903,0.0,0.02276,0.170233,4940.3324278536,4411.9367440676,280.5704,2192.5757708362,1.0,2.8441,0.1182,0.3879,0.4061,6551.8485,103.4328
0.18700000000000014,0.0353395755,1.0109,0.02877,0.0079396,0.3584,0.0274,0.0008304305,3.4511,4.6903,0.0,0.02276,0.170233,4940.3324278791,4411.9367440906,280.5704,2192.5757708412,1.0,2.8441,0.1182,0.3879,0.4061,6551.8485,103.4333
0.18800000000000014,0.0353397607,1.0109,0.02877,0.0079398,0.3584,0.0274,0.0008303875,3.451,4.6903,0.0,0.02276,0.170233,4940.3324279045,4411.9367441135,280.5704,2192.5757708461,1.0,2.8441,0.1182,0.3879,0.4061,6551.8485,103.4339
0.18900000000000014,0.0353399459,1.011,0.02877,0.0079399,0.3583,0.0274,0.0008303446,3.4509,4.6903,0.0,0.022761,0.170234,4940.33242793,4411.9367441365,280.5704,2192.5757708511,1.0,2.8441,0.1182,0.3879,0.4061,6551.8485,103.4344
0.19000000000000014,0.0353401311,1.011,0.02877,0.0079401,0.3583,0.0274,0.0008303017,3.4508,4.6903,0.0,0.022761,0.170234,4940.3324279554,4411.9367441595,280.5704,2192.5757708561,1.0,2.8441,0.1182,0.3879,0.4061,6551.8485,103.435
0.19100000000000014,0.0353403163,1.0111,0.02877,0.0079403,0.3583,0.0274,0.0008302588,3.4507,4.6904,0.0,0.022761,0.170235,4940.3324279809,4411.9367441824,280.5704,2192.575770861,1.0,2.8441,0.1182,0.3879,0.4061,6551.8485,103.4355
0.19200000000000014,0.0353405015,1.0111,0.02877,0.0079405,0.3583,0.0274,0.0008302159,3.4507,4.6904,0.0,0.022761,0.170235,4940.3324280063,4411.9367442054,280.5704,2192.575770866,1.0,2.8441,0.1182,0.3879,0.4061,6551.8485,103.436
0.19300000000000014,0.0353406866,1.0112,0.02877,0.0079407,0.3582,0.0274,0.000830173,3.4506,4.6904,0.0,0.022761,0.170236,4940.3324280318,4411.9367442283,280.5704,2192.575770871,1.0,2.8441,0.1182,0.3879,0.4061,6551.8485,103.4366
0.19400000000000014,0.0353408718,1.0113,0.02877,0.0079409,0.3582,0.0274,0.0008301301,3.4505,4.6904,0.0,0.022761,0.170236,4940.3324280572,4411.9367442513,280.5704,2192.5757708759,1.0,2.8441,0.1182,0.3879,0.4061,6551.8485,103.4371
0.19500000000000015,0.0353410569,1.0113,0.02877,0.0079411,0.3582,0.0274,0.0008300872,3.4504,4.6905,0.0,0.022761,0.170237,4940.3324280826,4411.9367442742,280.5704,2192.5757708809,1.0,2.8441,0.1182,0.3879,0.4061,6551.8485,103.4377
0.19600000000000015,0.035341242,1.0114,0.02877,0.0079412,0.3582,0.0274,0.0008300443,3.4503,4.6905,0.0,0.022761,0.170237,4940.3324281081,4411.9367442972,280.5704,2192.5757708859,1.0,2.8441,0.1182,0.3879,0.4061,6551.8485,103.4382
0.19700000000000015,0.0353414271,1.0114,0.02877,0.0079414,0.3581,0.0274,0.0008300014,3.4503,4.6905,0.0,0.022761,0.170237,4940.3324281335,4411.9367443201,280.5704,2192.5757708908,1.0,2.8441,0.1182,0.3879,0.4061,6551.8485,103.4388
0.19800000000000015,0.0353416122,1.0115,0.02876,0.0079416,0.3581,0.0274,0.0008299586,3.4502,4.6905,0.0,0.022762,0.170238,4940.3324281589,4411.9367443431,280.5704,2192.5757708958,1.0,2.8441,0.1182,0.3879,0.4061,6551.8485,103.4393
0.19900000000000015,0.0353417973,1.0115,0.02876,0.0079418,0.3581,0.0274,0.0008299157,3.4501,4.6906,0.0,0.022762,0.170238,4940.3324281844,4411.936744366,280.5704,2192.5757709007,1.0,2.8441,0.1182,0.3879,0.4061,6551.8485,103.4398
0.20000000000000015,0.0353419824,1.0116,0.02876,0.007942,0.358,0.0274,0.0008298728,3.45,4.6906,0.0,0.022762,0.170239,4940.3324282098,4411.9367443889,280.5704,2192.5757709057,1.0,2.8441,0.1182,0.3879,0.4061,6551.8485,103.4404
0.20100000000000015,0.0353421675,1.0117,0.02876,0.0079422,0.358,0.0274,0.00082983,3.4499,4.6906,0.0,0.022762,0.170239,4940.3324282352,4411.9367444119,280.5704,2192.5757709107,1.0,2.8441,0.1182,0.3879,0.4061,6551.8485,103.4409
0.20200000000000015,0.0353423525,1.0117,0.02876,0.0079424,0.358,0.0274,0.0008297871,3.4499,4.6906,0.0,0.022762,0.17024,4940.3324282607,4411.9367444348,280.5704,2192.5757709156,1.0,2.8441,0.1182,0.3879,0.4061,6551.8485,103.4415
0.20300000000000015,0.0353425376,1.0118,0.02876,0.0079425,0.358,0.0274,0.0008297443,3.4498,4.6907,0.0,0.022762,0.17024,4940.3324282861,4411.9367444578,280.5704,2192.5757709206,1.0,2.8441,0.1182,0.3879,0.4061,6551.8485,103.442
0.20400000000000015,0.0353427226,1.0118,0.02876,0.0079427,0.3579,0.0274,0.0008297015,3.4497,4.6907,0.0,0.022762,0.170241,4940.3324283115,4411.9367444807,280.5704,2192.5757709256,1.0,2.8441,0.1182,0.3879,0.4061,6551.8485,103.4425
0.20500000000000015,0.0353429076,1.0119,0.02876,0.0079429,0.3579,0.0274,0.0008296586,3.4496,4.6907,0.0,0.022762,0.170241,4940.3324283369,4411.9367445036,280.5704,2192.5757709305,1.0,2.8441,0.1182,0.3879,0.4061,6551.8485,103.4431
0.20600000000000016,0.0353430926,1.0119,0.02876,0.0079431,0.3579,0.0274,0.0008296158,3.4495,4.6907,0.0,0.022763,0.170241,4940.3324283624,4411.9367445266,280.5704,2192.5757709355,1.0,2.8441,0.1182,0.3879,0.4061,6551.8485,103.4436
0.20700000000000016,0.0353432776,1.012,0.02876,0.0079433,0.3578,0.0274,0.000829573,3.4495,4.6908,0.0,0.022763,0.170242,4940.3324283878,4411.9367445495,280.5704,2192.5757709404,1.0,2.8441,0.1182,0.3879,0.4061,6551.8485,103.4442
0.20800000000000016,0.0353434626,1.0121,0.02875,0.0079435,0.3578,0.0274,0.0008295302,3.4494,4.6908,0.0,0.022763,0.170242,4940.3324284132,4411.9367445724,280.5704,2192.5757709454,1.0,2.8441,0.1182,0.3879,0.4061,6551.8485,103.4447
0.20900000000000016,0.0353436475,1.0121,0.02875,0.0079436,0.3578,0.0274,0.0008294874,3.4493,4.6908,0.0,0.022763,0.170243,4940.3324284386,4411.9367445954,280.5704,2192.5757709504,1.0,2.8441,0.1182,0.3879,0.4061,6551.8485,103.4452
0.21000000000000016,0.0353438325,1.0122,0.02875,0.0079438,0.3578,0.0274,0.0008294446,3.4492,4.6908,0.0,0.022763,0.170243,4940.332428464,4411.9367446183,280.5704,2192.5757709553,1.0,2.8441,0.1182,0.3879,0.4061,6551.8485,103.4458
0.21100000000000016,0.0353440174,1.0122,0.02875,0.007944,0.3577,0.0274,0.0008294018,3.4491,4.6909,0.0,0.022763,0.170244,4940.3324284895,4411.9367446412,280.5704,2192.5757709603,1.0,2.8441,0.1182,0.3879,0.4061,6551.8485,103.4463
0.21200000000000016,0.0353442024,1.0123,0.02875,0.0079442,0.3577,0.0274,0.000829359,3.4491,4.6909,0.0,0.022763,0.170244,4940.3324285149,4411.9367446642,280.5704,2192.5757709653,1.0,2.8441,0.1182,0.3879,0.4061,6551.8485,103.4469
0.21300000000000016,0.0353443873,1.0123,0.02875,0.0079444,0.3577,0.0274,0.0008293162,3.449,4.6909,0.0,0.022763,0.170245,4940.3324285403,4411.9367446871,280.5704,2192.5757709702,1.0,2.8441,0.1182,0.3879,0.4061,6551.8485,103.4474
0.21400000000000016,0.0353445722,1.0124,0.02875,0.0079446,0.3577,0.0274,0.0008292735,3.4489,4.6909,0.0,0.022763,0.170245,4940.3324285657,4411.93674471,280.5704,2192.5757709752,1.0,2.8441,0.1182,0.3879,0.4061,6551.8485,103.448
0.21500000000000016,0.0353447571,1.0125,0.02875,0.0079448,0.3576,0.0274,0.0008292307,3.4488,4.691,0.0,0.022764,0.170246,4940.3324285911,4411.9367447329,280.5704,2192.5757709801,1.0,2.8441,0.1182,0.3879,0.4061,6551.8485,103.4485
0.21600000000000016,0.035344942,1.0125,0.02875,0.0079449,0.3576,0.0274,0.0008291879,3.4487,4.691,0.0,0.022764,0.170246,4940.3324286165,4411.9367447558,280.5704,2192.5757709851,1.0,2.8441,0.1182,0.3879,0.4061,6551.8485,103.449
0.21700000000000016,0.0353451269,1.0126,0.02875,0.0079451,0.3576,0.0274,0.0008291452,3.4487,4.691,0.0,0.022764,0.170246,4940.3324286419,4411.9367447788,280.5704,2192.57577099,1.0,2.8441,0.1182,0.3879,0.4061,6551.8485,103.4496
0.21800000000000017,0.0353453117,1.0126,0.02874,0.0079453,0.3575,0.0274,0.0008291024,3.4486,4.691,0.0,0.022764,0.170247,4940.3324286673,4411.9367448017,280.5704,2192.575770995,1.0,2.8441,0.1182,0.3879,0.4061,6551.8485,103.4501
0.21900000000000017,0.0353454966,1.0127,0.02874,0.0079455,0.3575,0.0274,0.0008290597,3.4485,4.6911,0.0,0.022764,0.170247,4940.3324286927,4411.9367448246,280.5704,2192.575771,1.0,2.8441,0.1182,0.3879,0.4062,6551.8485,103.4507
0.22000000000000017,0.0353456814,1.0128,0.02874,0.0079457,0.3575,0.0274,0.000829017,3.4484,4.6911,0.0,0.022764,0.170248,4940.3324287181,4411.9367448475,280.5704,2192.5757710049,1.0,2.8441,0.1182,0.3879,0.4062,6551.8485,103.4512
0.22100000000000017,0.0353458662,1.0128,0.02874,0.0079459,0.3575,0.0274,0.0008289742,3.4483,4.6911,0.0,0.022764,0.170248,4940.3324287435,4411.9367448704,280.5704,2192.5757710099,1.0,2.8441,0.1182,0.3879,0.4062,6551.8485,103.4517
0.22200000000000017,0.035346051,1.0129,0.02874,0.0079461,0.3574,0.0274,0.0008289315,3.4483,4.6911,0.0,0.022764,0.170249,4940.3324287689,4411.9367448933,280.5704,2192.5757710148,1.0,2.8441,0.1182,0.3879,0.4062,6551.8485,103.4523
0.22300000000000017,0.0353462359,1.0129,0.02874,0.0079462,0.3574,0.0274,0.0008288888,3.4482,4.6912,0.0,0.022765,0.170249,4940.3324287943,4411.9367449163,280.5704,2192.5757710198,1.0,2.8441,0.1182,0.3879,0.4062,6551.8485,103.4528
0.22400000000000017,0.0353464206,1.013,0.02874,0.0079464,0.3574,0.0274,0.0008288461,3.4481,4.6912,0.0,0.022765,0.17025,4940.3324288197,4411.9367449392,280.5704,2192.5757710248,1.0,2.8441,0.1182,0.3879,0.4062,6551.8485,103.4534
0.22500000000000017,0.0353466054,1.013,0.02874,0.0079466,0.3574,0.0274,0.0008288034,3.448,4.6912,0.0,0.022765,0.17025,4940.3324288451,4411.9367449621,280.5704,2192.5757710297,1.0,2.8441,0.1182,0.3879,0.4062,6551.8485,103.4539
0.22600000000000017,0.0353467902,1.0131,0.02874,0.0079468,0.3573,0.0274,0.0008287607,3.4479,4.6912,0.0,0.022765,0.17025,4940.3324288705,4411.936744985,280.5704,2192.5757710347,1.0,2.8441,0.1182,0.3879,0.4062,6551.8485,103.4544
0.22700000000000017,0.0353469749,1.0132,0.02874,0.007947,0.3573,0.0274,0.000828718,3.4479,4.6913,0.0,0.022765,0.170251,4940.3324288959,4411.9367450079,280.5704,2192.5757710396,1.0,2.8441,0.1182,0.3879,0.4062,6551.8485,103.455
0.22800000000000017,0.0353471597,1.0132,0.02874,0.0079472,0.3573,0.0274,0.0008286753,3.4478,4.6913,0.0,0.022765,0.170251,4940.3324289213,4411.9367450308,280.5704,2192.5757710446,1.0,2.8441,0.1182,0.3879,0.4062,6551.8485,103.4555
0.22900000000000018,0.0353473444,1.0133,0.02873,0.0079473,0.3572,0.0274,0.0008286326,3.4477,4.6913,0.0,0.022765,0.170252,4940.3324289467,4411.9367450537,280.5704,2192.5757710495,1.0,2.8441,0.1182,0.3879,0.4062,6551.8485,103.4561
0.23000000000000018,0.0353475291,1.0133,0.02873,0.0079475,0.3572,0.0274,0.00082859,3.4476,4.6913,0.0,0.022765,0.170252,4940.3324289721,4411.9367450766,280.5704,2192.5757710545,1.0,2.8441,0.1182,0.3879,0.4062,6551.8485,103.4566
0.23100000000000018,0.0353477138,1.0134,0.02873,0.0079477,0.3572,0.0274,0.0008285473,3.4475,4.6914,0.0,0.022766,0.170253,4940.3324289974,4411.9367450995,280.5704,2192.5757710594,1.0,2.8441,0.1182,0.3879,0.4062,6551.8485,103.4571
0.23200000000000018,0.0353478985,1.0134,0.02873,0.0079479,0.3572,0.0274,0.0008285046,3.4475,4.6914,0.0,0.022766,0.170253,4940.3324290228,4411.9367451224,280.5704,2192.5757710644,1.0,2.8441,0.1182,0.3879,0.4062,6551.8485,103.4577
0.23300000000000018,0.0353480832,1.0135,0.02873,0.0079481,0.3571,0.0274,0.000828462,3.4474,4.6914,0.0,0.022766,0.170254,4940.3324290482,4411.9367451453,280.5704,2192.5757710693,1.0,2.8441,0.1182,0.3879,0.4062,6551.8485,103.4582
0.23400000000000018,0.0353482679,1.0136,0.02873,0.0079483,0.3571,0.0274,0.0008284193,3.4473,4.6914,0.0,0.022766,0.170254,4940.3324290736,4411.9367451682,280.5704,2192.5757710743,1.0,2.8441,0.1182,0.3879,0.4062,6551.8485,103.4588
0.23500000000000018,0.0353484526,1.0136,0.02873,0.0079485,0.3571,0.0274,0.0008283767,3.4472,4.6915,0.0,0.022766,0.170254,4940.332429099,4411.9367451911,280.5704,2192.5757710793,1.0,2.8441,0.1182,0.3879,0.4062,6551.8485,103.4593
0.23600000000000018,0.0353486372,1.0137,0.02873,0.0079486,0.3571,0.0274,0.000828334,3.4471,4.6915,0.0,0.022766,0.170255,4940.3324291243,4411.936745214,280.5704,2192.5757710842,1.0,2.8441,0.1182,0.3879,0.4062,6551.8485,103.4598
0.23700000000000018,0.0353488218,1.0137,0.02873,0.0079488,0.357,0.0274,0.0008282914,3.4471,4.6915,0.0,0.022766,0.170255,4940.3324291497,4411.9367452369,280.5704,2192.5757710892,1.0,2.8441,0.1182,0.3879,0.4062,6551.8485,103.4604
0.23800000000000018,0.0353490065,1.0138,0.02873,0.007949,0.357,0.0274,0.0008282488,3.447,4.6915,0.0,0.022766,0.170256,4940.3324291751,4411.9367452598,280.5704,2192.5757710941,1.0,2.8441,0.1182,0.3879,0.4062,6551.8485,103.4609
0.23900000000000018,0.0353491911,1.0138,0.02872,0.0079492,0.357,0.0274,0.0008282062,3.4469,4.6916,0.0,0.022766,0.170256,4940.3324292005,4411.9367452827,280.5704,2192.5757710991,1.0,2.8441,0.1182,0.3879,0.4062,6551.8485,103.4615
0.24000000000000019,0.0353493757,1.0139,0.02872,0.0079494,0.3569,0.0274,0.0008281636,3.4468,4.6916,0.0,0.022767,0.170257,4940.3324292258,4411.9367453056,280.5704,2192.575771104,1.0,2.8441,0.1182,0.3879,0.4062,6551.8485,103.462
0.2410000000000002,0.0353495603,1.014,0.02872,0.0079496,0.3569,0.0274,0.000828121,3.4467,4.6916,0.0,0.022767,0.170257,4940.3324292512,4411.9367453284,280.5704,2192.575771109,1.0,2.8441,0.1182,0.3879,0.4062,6551.8485,103.4625
0.2420000000000002,0.0353497449,1.014,0.02872,0.0079497,0.3569,0.0274,0.0008280784,3.4467,4.6916,0.0,0.022767,0.170258,4940.3324292766,4411.9367453513,280.5704,2192.5757711139,1.0,2.8441,0.1182,0.3879,0.4062,6551.8485,103.4631
0.2430000000000002,0.0353499294,1.0141,0.02872,0.0079499,0.3569,0.0274,0.0008280358,3.4466,4.6916,0.0,0.022767,0.170258,4940.3324293019,4411.9367453742,280.5704,2192.5757711189,1.0,2.8441,0.1182,0.3879,0.4062,6551.8485,103.4636
0.2440000000000002,0.035350114,1.0141,0.02872,0.0079501,0.3568,0.0274,0.0008279932,3.4465,4.6917,0.0,0.022767,0.170258,4940.3324293273,4411.9367453971,280.5704,2192.5757711238,1.0,2.8441,0.1182,0.3879,0.4062,6551.8485,103.4642
0.2450000000000002,0.0353502985,1.0142,0.02872,0.0079503,0.3568,0.0274,0.0008279506,3.4464,4.6917,0.0,0.022767,0.170259,4940.3324293527,4411.93674542,280.5704,2192.5757711288,1.0,2.8441,0.1182,0.3879,0.4062,6551.8485,103.4647
0.2460000000000002,0.035350483,1.0142,0.02872,0.0079505,0.3568,0.0274,0.000827908,3.4463,4.6917,0.0,0.022767,0.170259,4940.332429378,4411.9367454429,280.5704,2192.5757711337,1.0,2.8441,0.1182,0.3879,0.4062,6551.8485,103.4652
0.2470000000000002,0.0353506676,1.0143,0.02872,0.0079507,0.3568,0.0274,0.0008278654,3.4463,4.6917,0.0,0.022767,0.17026,4940.3324294034,4411.9367454657,280.5704,2192.5757711387,1.0,2.8441,0.1182,0.3879,0.4062,6551.8485,103.4658
0.2480000000000002,0.0353508521,1.0144,0.02872,0.0079509,0.3567,0.0274,0.0008278229,3.4462,4.6918,0.0,0.022768,0.17026,4940.3324294288,4411.9367454886,280.5704,2192.5757711436,1.0,2.8441,0.1182,0.3879,0.4062,6551.8485,103.4663
0.2490000000000002,0.0353510366,1.0144,0.02872,0.007951,0.3567,0.0274,0.0008277803,3.4461,4.6918,0.0,0.022768,0.170261,4940.3324294541,4411.9367455115,280.5704,2192.5757711486,1.0,2.8441,0.1182,0.3879,0.4062,6551.8485,103.4669
0.25000000000000017,0.0353512211,1.0145,0.02871,0.0079512,0.3567,0.0274,0.0008277378,3.446,4.6918,0.0,0.022768,0.170261,4940.3324294795,4411.9367455344,280.5704,2192.5757711535,1.0,2.8441,0.1182,0.3879,0.4062,6551.8485,103.4674
0.25100000000000017,0.0353514055,1.0145,0.02871,0.0079514,0.3566,0.0274,0.0008276952,3.4459,4.6918,0.0,0.022768,0.170262,4940.3324295048,4411.9367455573,280.5704,2192.5757711585,1.0,2.8441,0.1182,0.3879,0.4062,6551.8485,103.4679
0.25200000000000017,0.03535159,1.0146,0.02871,0.0079516,0.3566,0.0274,0.0008276527,3.4459,4.6919,0.0,0.022768,0.170262,4940.3324295302,4411.9367455801,280.5704,2192.5757711634,1.0,2.8441,0.1182,0.3879,0.4062,6551.8485,103.4685
0.25300000000000017,0.0353517744,1.0146,0.02871,0.0079518,0.3566,0.0274,0.0008276102,3.4458,4.6919,0.0,0.022768,0.170262,4940.3324295555,4411.936745603,280.5704,2192.5757711684,1.0,2.8441,0.1182,0.3879,0.4062,6551.8485,103.469
0.25400000000000017,0.0353519589,1.0147,0.02871,0.007952,0.3566,0.0274,0.0008275676,3.4457,4.6919,0.0,0.022768,0.170263,4940.3324295809,4411.9367456259,280.5704,2192.5757711733,1.0,2.8441,0.1182,0.3879,0.4062,6551.8485,103.4696
0.25500000000000017,0.0353521433,1.0148,0.02871,0.0079521,0.3565,0.0274,0.0008275251,3.4456,4.6919,0.0,0.022768,0.170263,4940.3324296062,4411.9367456487,280.5704,2192.5757711783,1.0,2.8441,0.1182,0.3879,0.4062,6551.8485,103.4701
0.25600000000000017,0.0353523277,1.0148,0.02871,0.0079523,0.3565,0.0274,0.0008274826,3.4455,4.692,0.0,0.022768,0.170264,4940.3324296316,4411.9367456716,280.5704,2192.5757711832,1.0,2.8441,0.1182,0.3879,0.4062,6551.8485,103.4706
0.2570000000000002,0.0353525121,1.0149,0.02871,0.0079525,0.3565,0.0274,0.0008274401,3.4455,4.692,0.0,0.022769,0.170264,4940.3324296569,4411.9367456945,280.5704,2192.5757711882,1.0,2.8441,0.1182,0.3879,0.4062,6551.8485,103.4712
0.2580000000000002,0.0353526965,1.0149,0.02871,0.0079527,0.3565,0.0274,0.0008273976,3.4454,4.692,0.0,0.022769,0.170265,4940.3324296823,4411.9367457173,280.5704,2192.5757711931,1.0,2.8441,0.1182,0.3879,0.4062,6551.8485,103.4717
0.2590000000000002,0.0353528809,1.015,0.02871,0.0079529,0.3564,0.0274,0.0008273551,3.4453,4.692,0.0,0.022769,0.170265,4940.3324297076,4411.9367457402,280.5704,2192.5757711981,1.0,2.8441,0.1182,0.3879,0.4062,6551.8485,103.4723
0.2600000000000002,0.0353530652,1.015,0.0287,0.0079531,0.3564,0.0274,0.0008273126,3.4452,4.6921,0.0,0.022769,0.170266,4940.332429733,4411.9367457631,280.5704,2192.575771203,1.0,2.8441,0.1182,0.3879,0.4062,6551.8485,103.4728
0.2610000000000002,0.0353532496,1.0151,0.0287,0.0079532,0.3564,0.0274,0.0008272701,3.4451,4.6921,0.0,0.022769,0.170266,4940.3324297583,4411.9367457859,280.5704,2192.5757712079,1.0,2.8441,0.1182,0.3879,0.4062,6551.8485,103.4733
0.2620000000000002,0.0353534339,1.0152,0.0287,0.0079534,0.3563,0.0274,0.0008272276,3.4451,4.6921,0.0,0.022769,0.170266,4940.3324297836,4411.9367458088,280.5704,2192.5757712129,1.0,2.8441,0.1182,0.3879,0.4062,6551.8485,103.4739
0.2630000000000002,0.0353536183,1.0152,0.0287,0.0079536,0.3563,0.0274,0.0008271852,3.445,4.6921,0.0,0.022769,0.170267,4940.332429809,4411.9367458316,280.5704,2192.5757712178,1.0,2.8441,0.1182,0.3879,0.4062,6551.8485,103.4744
0.2640000000000002,0.0353538026,1.0153,0.0287,0.0079538,0.3563,0.0274,0.0008271427,3.4449,4.6922,0.0,0.022769,0.170267,4940.3324298343,4411.9367458545,280.5704,2192.5757712228,1.0,2.8441,0.1182,0.3879,0.4062,6551.8485,103.475
0.2650000000000002,0.0353539869,1.0153,0.0287,0.007954,0.3563,0.0274,0.0008271002,3.4448,4.6922,0.0,0.02277,0.170268,4940.3324298596,4411.9367458774,280.5704,2192.5757712277,1.0,2.8441,0.1182,0.3879,0.4062,6551.8485,103.4755
0.2660000000000002,0.0353541712,1.0154,0.0287,0.0079542,0.3562,0.0274,0.0008270578,3.4447,4.6922,0.0,0.02277,0.170268,4940.332429885,4411.9367459002,280.5704,2192.5757712327,1.0,2.8441,0.1182,0.388,0.4062,6551.8485,103.476
0.2670000000000002,0.0353543555,1.0155,0.0287,0.0079544,0.3562,0.0274,0.0008270153,3.4447,4.6922,0.0,0.02277,0.170269,4940.3324299103,4411.9367459231,280.5704,2192.5757712376,1.0,2.8441,0.1182,0.388,0.4062,6551.8485,103.4766
0.2680000000000002,0.0353545398,1.0155,0.0287,0.0079545,0.3562,0.0274,0.0008269729,3.4446,4.6923,0.0,0.02277,0.170269,4940.3324299356,4411.9367459459,280.5704,2192.5757712426,1.0,2.8441,0.1182,0.388,0.4062,6551.8485,103.4771
0.2690000000000002,0.035354724,1.0156,0.0287,0.0079547,0.3562,0.0274,0.0008269305,3.4445,4.6923,0.0,0.02277,0.17027,4940.332429961,4411.9367459688,280.5704,2192.5757712475,1.0,2.8441,0.1182,0.388,0.4062,6551.8485,103.4776
0.2700000000000002,0.0353549083,1.0156,0.02869,0.0079549,0.3561,0.0274,0.000826888,3.4444,4.6923,0.0,0.02277,0.17027,4940.3324299863,4411.9367459916,280.5704,2192.5757712524,1.0,2.8441,0.1182,0.388,0.4062,6551.8485,103.4782
0.2710000000000002,0.0353550925,1.0157,0.02869,0.0079551,0.3561,0.0274,0.0008268456,3.4443,4.6923,0.0,0.02277,0.17027,4940.3324300116,4411.9367460145,280.5704,2192.5757712574,1.0,2.8441,0.1182,0.388,0.4062,6551.8485,103.4787
0.2720000000000002,0.0353552767,1.0157,0.02869,0.0079553,0.3561,0.0274,0.0008268032,3.4443,4.6924,0.0,0.02277,0.170271,4940.332430037,4411.9367460373,280.5704,2192.5757712623,1.0,2.8441,0.1182,0.388,0.4062,6551.8485,103.4793
0.2730000000000002,0.0353554609,1.0158,0.02869,0.0079555,0.356,0.0274,0.0008267608,3.4442,4.6924,0.0,0.022771,0.170271,4940.3324300623,4411.9367460601,280.5704,2192.5757712673,1.0,2.8441,0.1182,0.388,0.4062,6551.8485,103.4798
0.2740000000000002,0.0353556451,1.0159,0.02869,0.0079556,0.356,0.0274,0.0008267184,3.4441,4.6924,0.0,0.022771,0.170272,4940.3324300876,4411.936746083,280.5704,2192.5757712722,1.0,2.8441,0.1182,0.388,0.4062,6551.8485,103.4803
0.2750000000000002,0.0353558293,1.0159,0.02869,0.0079558,0.356,0.0274,0.000826676,3.444,4.6924,0.0,0.022771,0.170272,4940.3324301129,4411.9367461058,280.5704,2192.5757712772,1.0,2.8441,0.1182,0.388,0.4062,6551.8485,103.4809
0.2760000000000002,0.0353560135,1.016,0.02869,0.007956,0.356,0.0274,0.0008266336,3.4439,4.6925,0.0,0.022771,0.170273,4940.3324301382,4411.9367461287,280.5704,2192.5757712821,1.0,2.8441,0.1182,0.388,0.4062,6551.8485,103.4814
0.2770000000000002,0.0353561977,1.016,0.02869,0.0079562,0.3559,0.0274,0.0008265912,3.4439,4.6925,0.0,0.022771,0.170273,4940.3324301636,4411.9367461515,280.5704,2192.575771287,1.0,2.8441,0.1182,0.388,0.4062,6551.8485,103.482
0.2780000000000002,0.0353563818,1.0161,0.02869,0.0079564,0.3559,0.0274,0.0008265488,3.4438,4.6925,0.0,0.022771,0.170274,4940.3324301889,4411.9367461744,280.5704,2192.575771292,1.0,2.8441,0.1182,0.388,0.4062,6551.8485,103.4825
0.2790000000000002,0.035356566,1.0161,0.02869,0.0079566,0.3559,0.0274,0.0008265065,3.4437,4.6925,0.0,0.022771,0.170274,4940.3324302142,4411.9367461972,280.5704,2192.5757712969,1.0,2.8441,0.1182,0.388,0.4062,6551.8485,103.483
0.2800000000000002,0.0353567501,1.0162,0.02869,0.0079568,0.3558,0.0274,0.0008264641,3.4436,4.6926,0.0,0.022771,0.170274,4940.3324302395,4411.93674622,280.5704,2192.5757713019,1.0,2.8441,0.1182,0.388,0.4062,6551.8485,103.4836
0.2810000000000002,0.0353569342,1.0163,0.02868,0.0079569,0.3558,0.0274,0.0008264217,3.4435,4.6926,0.0,0.022771,0.170275,4940.3324302648,4411.9367462429,280.5704,2192.5757713068,1.0,2.8441,0.1182,0.388,0.4062,6551.8485,103.4841
0.2820000000000002,0.0353571183,1.0163,0.02868,0.0079571,0.3558,0.0274,0.0008263794,3.4435,4.6926,0.0,0.022772,0.170275,4940.3324302901,4411.9367462657,280.5704,2192.5757713117,1.0,2.8441,0.1182,0.388,0.4062,6551.8485,103.4846
0.2830000000000002,0.0353573024,1.0164,0.02868,0.0079573,0.3558,0.0274,0.000826337,3.4434,4.6926,0.0,0.022772,0.170276,4940.3324303154,4411.9367462885,280.5704,2192.5757713167,1.0,2.8441,0.1182,0.388,0.4062,6551.8485,103.4852
0.2840000000000002,0.0353574865,1.0164,0.02868,0.0079575,0.3557,0.0274,0.0008262947,3.4433,4.6927,0.0,0.022772,0.170276,4940.3324303407,4411.9367463114,280.5704,2192.5757713216,1.0,2.8441,0.1182,0.388,0.4062,6551.8485,103.4857
0.2850000000000002,0.0353576706,1.0165,0.02868,0.0079577,0.3557,0.0274,0.0008262523,3.4432,4.6927,0.0,0.022772,0.170277,4940.332430366,4411.9367463342,280.5704,2192.5757713266,1.0,2.8441,0.1182,0.388,0.4062,6551.8485,103.4863
0.2860000000000002,0.0353578547,1.0165,0.02868,0.0079579,0.3557,0.0274,0.00082621,3.4431,4.6927,0.0,0.022772,0.170277,4940.3324303913,4411.936746357,280.5704,2192.5757713315,1.0,2.8441,0.1182,0.388,0.4062,6551.8485,103.4868
0.2870000000000002,0.0353580387,1.0166,0.02868,0.007958,0.3557,0.0274,0.0008261677,3.4431,4.6927,0.0,0.022772,0.170277,4940.3324304166,4411.9367463798,280.5704,2192.5757713364,1.0,2.8441,0.1182,0.388,0.4062,6551.8485,103.4873
0.2880000000000002,0.0353582227,1.0167,0.02868,0.0079582,0.3556,0.0274,0.0008261254,3.443,4.6927,0.0,0.022772,0.170278,4940.3324304419,4411.9367464027,280.5704,2192.5757713414,1.0,2.8441,0.1182,0.388,0.4062,6551.8485,103.4879
0.2890000000000002,0.0353584068,1.0167,0.02868,0.0079584,0.3556,0.0274,0.000826083,3.4429,4.6928,0.0,0.022772,0.170278,4940.3324304672,4411.9367464255,280.5704,2192.5757713463,1.0,2.8441,0.1182,0.388,0.4062,6551.8485,103.4884
0.2900000000000002,0.0353585908,1.0168,0.02868,0.0079586,0.3556,0.0274,0.0008260407,3.4428,4.6928,0.0,0.022773,0.170279,4940.3324304925,4411.9367464483,280.5704,2192.5757713513,1.0,2.8441,0.1182,0.388,0.4062,6551.8485,103.489
0.2910000000000002,0.0353587748,1.0168,0.02867,0.0079588,0.3555,0.0274,0.0008259984,3.4427,4.6928,0.0,0.022773,0.170279,4940.3324305178,4411.9367464711,280.5704,2192.5757713562,1.0,2.8441,0.1182,0.388,0.4062,6551.8485,103.4895
0.2920000000000002,0.0353589588,1.0169,0.02867,0.007959,0.3555,0.0274,0.0008259561,3.4427,4.6928,0.0,0.022773,0.17028,4940.3324305431,4411.9367464939,280.5704,2192.5757713611,1.0,2.8441,0.1182,0.388,0.4062,6551.8485,103.49
0.2930000000000002,0.0353591428,1.0169,0.02867,0.0079591,0.3555,0.0274,0.0008259138,3.4426,4.6929,0.0,0.022773,0.17028,4940.3324305684,4411.9367465168,280.5704,2192.5757713661,1.0,2.8441,0.1182,0.388,0.4062,6551.8485,103.4906
0.2940000000000002,0.0353593267,1.017,0.02867,0.0079593,0.3555,0.0274,0.0008258716,3.4425,4.6929,0.0,0.022773,0.170281,4940.3324305937,4411.9367465396,280.5704,2192.575771371,1.0,2.8441,0.1182,0.388,0.4062,6551.8485,103.4911
0.2950000000000002,0.0353595107,1.0171,0.02867,0.0079595,0.3554,0.0274,0.0008258293,3.4424,4.6929,0.0,0.022773,0.170281,4940.332430619,4411.9367465624,280.5704,2192.5757713759,1.0,2.8441,0.1182,0.388,0.4062,6551.8485,103.4916
0.2960000000000002,0.0353596946,1.0171,0.02867,0.0079597,0.3554,0.0274,0.000825787,3.4423,4.6929,0.0,0.022773,0.170281,4940.3324306443,4411.9367465852,280.5704,2192.5757713809,1.0,2.8441,0.1182,0.388,0.4062,6551.8485,103.4922
0.2970000000000002,0.0353598786,1.0172,0.02867,0.0079599,0.3554,0.0274,0.0008257447,3.4423,4.693,0.0,0.022773,0.170282,4940.3324306696,4411.936746608,280.5704,2192.5757713858,1.0,2.8441,0.1182,0.388,0.4062,6551.8485,103.4927
0.2980000000000002,0.0353600625,1.0172,0.02867,0.0079601,0.3554,0.0274,0.0008257025,3.4422,4.693,0.0,0.022773,0.170282,4940.3324306949,4411.9367466308,280.5704,2192.5757713907,1.0,2.8441,0.1182,0.388,0.4062,6551.8485,103.4933
0.2990000000000002,0.0353602464,1.0173,0.02867,0.0079602,0.3553,0.0274,0.0008256602,3.4421,4.693,0.0,0.022774,0.170283,4940.3324307201,4411.9367466536,280.5704,2192.5757713957,1.0,2.8441,0.1182,0.388,0.4062,6551.8485,103.4938
0.3000000000000002,0.0353604303,1.0173,0.02867,0.0079604,0.3553,0.0274,0.000825618,3.442,4.693,0.0,0.022774,0.170283,4940.3324307454,4411.9367466765,280.5704,2192.5757714006,1.0,2.8441,0.1182,0.388,0.4062,6551.8485,103.4943
0.3010000000000002,0.0353606142,1.0174,0.02867,0.0079606,0.3553,0.0274,0.0008255757,3.4419,4.6931,0.0,0.022774,0.170284,4940.3324307707,4411.9367466993,280.5704,2192.5757714056,1.0,2.8441,0.1182,0.388,0.4062,6551.8485,103.4949
0.3020000000000002,0.035360798,1.0175,0.02866,0.0079608,0.3552,0.0274,0.0008255335,3.4419,4.6931,0.0,0.022774,0.170284,4940.332430796,4411.9367467221,280.5704,2192.5757714105,1.0,2.8441,0.1182,0.388,0.4062,6551.8485,103.4954
0.3030000000000002,0.0353609819,1.0175,0.02866,0.007961,0.3552,0.0274,0.0008254913,3.4418,4.6931,0.0,0.022774,0.170285,4940.3324308213,4411.9367467449,280.5704,2192.5757714154,1.0,2.8441,0.1182,0.388,0.4062,6551.8485,103.4959
0.3040000000000002,0.0353611658,1.0176,0.02866,0.0079612,0.3552,0.0274,0.0008254491,3.4417,4.6931,0.0,0.022774,0.170285,4940.3324308465,4411.9367467677,280.5704,2192.5757714204,1.0,2.8441,0.1182,0.388,0.4062,6551.8485,103.4965
0.3050000000000002,0.0353613496,1.0176,0.02866,0.0079613,0.3552,0.0274,0.0008254068,3.4416,4.6932,0.0,0.022774,0.170285,4940.3324308718,4411.9367467905,280.5704,2192.5757714253,1.0,2.8441,0.1182,0.388,0.4062,6551.8485,103.497
0.3060000000000002,0.0353615334,1.0177,0.02866,0.0079615,0.3551,0.0274,0.0008253646,3.4415,4.6932,0.0,0.022774,0.170286,4940.3324308971,4411.9367468133,280.5704,2192.5757714302,1.0,2.8441,0.1182,0.388,0.4062,6551.8485,103.4976
0.3070000000000002,0.0353617172,1.0177,0.02866,0.0079617,0.3551,0.0274,0.0008253224,3.4415,4.6932,0.0,0.022775,0.170286,4940.3324309224,4411.9367468361,280.5704,2192.5757714352,1.0,2.8441,0.1182,0.388,0.4062,6551.8485,103.4981
0.3080000000000002,0.0353619011,1.0178,0.02866,0.0079619,0.3551,0.0274,0.0008252802,3.4414,4.6932,0.0,0.022775,0.170287,4940.3324309476,4411.9367468589,280.5704,2192.5757714401,1.0,2.8441,0.1182,0.388,0.4062,6551.8485,103.4986
0.3090000000000002,0.0353620848,1.0179,0.02866,0.0079621,0.3551,0.0274,0.000825238,3.4413,4.6933,0.0,0.022775,0.170287,4940.3324309729,4411.9367468817,280.5704,2192.575771445,1.0,2.8441,0.1182,0.388,0.4062,6551.8485,103.4992
0.3100000000000002,0.0353622686,1.0179,0.02866,0.0079623,0.355,0.0274,0.0008251958,3.4412,4.6933,0.0,0.022775,0.170288,4940.3324309982,4411.9367469045,280.5704,2192.5757714499,1.0,2.8441,0.1182,0.388,0.4062,6551.8485,103.4997
0.3110000000000002,0.0353624524,1.018,0.02866,0.0079625,0.355,0.0274,0.0008251537,3.4412,4.6933,0.0,0.022775,0.170288,4940.3324310234,4411.9367469273,280.5704,2192.5757714549,1.0,2.8441,0.1182,0.388,0.4062,6551.8485,103.5002
0.3120000000000002,0.0353626362,1.018,0.02865,0.0079626,0.355,0.0274,0.0008251115,3.4411,4.6933,0.0,0.022775,0.170289,4940.3324310487,4411.9367469501,280.5704,2192.5757714598,1.0,2.8441,0.1182,0.388,0.4062,6551.8485,103.5008
0.3130000000000002,0.0353628199,1.0181,0.02865,0.0079628,0.3549,0.0274,0.0008250693,3.441,4.6934,0.0,0.022775,0.170289,4940.332431074,4411.9367469729,280.5704,2192.5757714647,1.0,2.8441,0.1182,0.388,0.4063,6551.8485,103.5013
0.3140000000000002,0.0353630036,1.0181,0.02865,0.007963,0.3549,0.0274,0.0008250272,3.4409,4.6934,0.0,0.022775,0.170289,4940.3324310992,4411.9367469956,280.5704,2192.5757714697,1.0,2.8441,0.1182,0.388,0.4063,6551.8485,103.5019
0.3150000000000002,0.0353631874,1.0182,0.02865,0.0079632,0.3549,0.0274,0.000824985,3.4408,4.6934,0.0,0.022775,0.17029,4940.3324311245,4411.9367470184,280.5704,2192.5757714746,1.0,2.8441,0.1182,0.388,0.4063,6551.8485,103.5024
0.3160000000000002,0.0353633711,1.0183,0.02865,0.0079634,0.3549,0.0274,0.0008249429,3.4408,4.6934,0.0,0.022776,0.17029,4940.3324311498,4411.9367470412,280.5704,2192.5757714795,1.0,2.8441,0.1182,0.388,0.4063,6551.8485,103.5029
0.3170000000000002,0.0353635548,1.0183,0.02865,0.0079636,0.3548,0.0274,0.0008249007,3.4407,4.6935,0.0,0.022776,0.170291,4940.332431175,4411.936747064,280.5704,2192.5757714845,1.0,2.8441,0.1182,0.388,0.4063,6551.8485,103.5035
0.3180000000000002,0.0353637385,1.0184,0.02865,0.0079637,0.3548,0.0274,0.0008248586,3.4406,4.6935,0.0,0.022776,0.170291,4940.3324312003,4411.9367470868,280.5704,2192.5757714894,1.0,2.8441,0.1182,0.388,0.4063,6551.8485,103.504
0.31900000000000023,0.0353639221,1.0184,0.02865,0.0079639,0.3548,0.0274,0.0008248164,3.4405,4.6935,0.0,0.022776,0.170292,4940.3324312255,4411.9367471096,280.5704,2192.5757714943,1.0,2.8441,0.1182,0.388,0.4063,6551.8485,103.5045
